houseId,houseCode,title,appid,source,imgSrc,layoutImgSrc,imgSrcUri,layoutImgSrcUri,roomNum,square,buildingArea,buildYear,isNew,ctime,mtime,orientation,floorStat,totalFloor,decorateType,hbtName,isYezhuComment,isGarage,houseType,isFocus,status,isValid,signTime,signSource,signSourceCn,isDisplay,address,community,communityId,communityName,communityUrl,communityUrlEsf,districtId,districtUrl,districtName,regionId,regionUrl,regionName,bbdName,bbdUrl,houseCityId,subwayInfo,schoolName,schoolArr,bizcircleFullSpell,house_video_info,price,unitPrice,viewUrl,listPrice,publishTime,isVilla,villaNoFloorLevel,villaName,tags
105101495259,105101495259,圆梦园 精装修四房 户型方正 视野开阔,104,link,https://image1.ljcdn.com/440300-inspection/test-7946207a-09af-4c88-a471-e15db9f94335.png.280x210.jpg,https://image1.ljcdn.com/x-se/hdic-frame/test-ab8cb12a-d187-4f84-afa1-a8239ba80c56.png.280x210.jpg,https://image1.ljcdn.com/440300-inspection/test-7946207a-09af-4c88-a471-e15db9f94335.png,https://image1.ljcdn.com/x-se/hdic-frame/test-ab8cb12a-d187-4f84-afa1-a8239ba80c56.png,4室2厅,128.89,128.89,2001年建,0,2018-08-13,2019-06-23,北,高楼层,16,精装,板塔结合,0,0,107500000003,0,sell,1,1970.01.02,链家成交,链家成交,1,紫荆道19号,2411048699842,2411048699842,圆梦园,https://sz.lianjia.com/xiaoqu/2411048699842/,https://sz.lianjia.com/ershoufang/c2411048699842/,23008674,https://sz.lianjia.com/ershoufang/futianqu/,福田区,612400011,https://sz.lianjia.com/ershoufang/futianbaoshuiqu/,福田保税区,福田保税区,https://sz.lianjia.com/ershoufang/futianbaoshuiqu/,440300,,,,futianqu,[],920,71379,https://sz.lianjia.com/ershoufang/105101495259.html,920,10个月以前发布,0,0,,"[['vr', 'VR房源'], ['taxfree', '房本满五年']]"
105101760548,105101760548,保税区圆梦园精装5房带60平米私家花园，业主诚心出售,104,link,https://image1.ljcdn.com/440300-inspection/prod-b75359ad-ce8b-4cfd-be03-2828bd69c2a0.jpg.280x210.jpg,https://image1.ljcdn.com/x-se/hdic-frame/prod-44ee11ac-103f-479b-badd-0736d2d1aade.png.280x210.jpg,https://image1.ljcdn.com/440300-inspection/prod-b75359ad-ce8b-4cfd-be03-2828bd69c2a0.jpg,https://image1.ljcdn.com/x-se/hdic-frame/prod-44ee11ac-103f-479b-badd-0736d2d1aade.png,5室2厅,139.57,139.57,2001年建,0,2018-11-16,2019-07-02,南 北,低楼层,16,简装,板塔结合,0,0,107500000003,0,sell,1,1970.01.02,链家成交,链家成交,1,紫荆道19号,2411048699842,2411048699842,圆梦园,https://sz.lianjia.com/xiaoqu/2411048699842/,https://sz.lianjia.com/ershoufang/c2411048699842/,23008674,https://sz.lianjia.com/ershoufang/futianqu/,福田区,612400011,https://sz.lianjia.com/ershoufang/futianbaoshuiqu/,福田保税区,福田保税区,https://sz.lianjia.com/ershoufang/futianbaoshuiqu/,440300,,,,futianqu,[],1100,78814,https://sz.lianjia.com/ershoufang/105101760548.html,1100,7个月以前发布,0,0,,"[['vr', 'VR房源'], ['taxfree', '房本满五年']]"
105102006669,105102006669,安静舒适的四房，户型方正，业主诚心出售。,104,link,https://image1.ljcdn.com/440300-inspection/prod-61f2697d-8556-4fa0-8b13-0f4c405eb048.jpg.280x210.jpg,https://image1.ljcdn.com/x-se/hdic-frame/prod-01330e4d-5eb5-49ad-91e8-5a573446b5ad.png.280x210.jpg,https://image1.ljcdn.com/440300-inspection/prod-61f2697d-8556-4fa0-8b13-0f4c405eb048.jpg,https://image1.ljcdn.com/x-se/hdic-frame/prod-01330e4d-5eb5-49ad-91e8-5a573446b5ad.png,4室2厅,139.39,139.39,2000年建,0,2019-02-17,2019-07-02,南,中楼层,11,精装,板塔结合,0,0,107500000003,0,sell,1,1970.01.02,链家成交,链家成交,1,紫荆道19号,2411048699842,2411048699842,圆梦园,https://sz.lianjia.com/xiaoqu/2411048699842/,https://sz.lianjia.com/ershoufang/c2411048699842/,23008674,https://sz.lianjia.com/ershoufang/futianqu/,福田区,612400011,https://sz.lianjia.com/ershoufang/futianbaoshuiqu/,福田保税区,福田保税区,https://sz.lianjia.com/ershoufang/futianbaoshuiqu/,440300,,,,futianqu,[],1100,78916,https://sz.lianjia.com/ershoufang/105102006669.html,1100,4个月以前发布,0,0,,"[['vr', 'VR房源'], ['taxfree', '房本满五年']]"
105102111193,105102111193,圆梦园 5室2厅 1050万,104,link,https://image1.ljcdn.com/440300-inspection/prod-2427a323-a63d-493d-a4f9-4d51d7c24fca.jpg.280x210.jpg,https://image1.ljcdn.com/x-se/hdic-frame/prod-50829e65-eaa5-414d-964c-64f96e06869d.png.280x210.jpg,https://image1.ljcdn.com/440300-inspection/prod-2427a323-a63d-493d-a4f9-4d51d7c24fca.jpg,https://image1.ljcdn.com/x-se/hdic-frame/prod-50829e65-eaa5-414d-964c-64f96e06869d.png,5室2厅,141.58,141.58,2001年建,0,2019-03-14,2019-07-02,南,低楼层,11,精装,板塔结合,0,0,107500000003,0,sell,1,1970.01.02,链家成交,链家成交,1,紫荆道19号,2411048699842,2411048699842,圆梦园,https://sz.lianjia.com/xiaoqu/2411048699842/,https://sz.lianjia.com/ershoufang/c2411048699842/,23008674,https://sz.lianjia.com/ershoufang/futianqu/,福田区,612400011,https://sz.lianjia.com/ershoufang/futianbaoshuiqu/,福田保税区,福田保税区,https://sz.lianjia.com/ershoufang/futianbaoshuiqu/,440300,,,,futianqu,[],1050,74164,https://sz.lianjia.com/ershoufang/105102111193.html,1050,3个月以前发布,0,0,,"[['vr', 'VR房源'], ['five', '房本满两年']]"
105102183692,105102183692,红本在手，南向景观，户型方正。,104,link,https://image1.ljcdn.com/440300-inspection/test-3a7ec050-e6b6-44cd-88cb-e99db40612ac.png.280x210.jpg,https://image1.ljcdn.com/x-se/hdic-frame/test-df84b13d-362b-4af2-abe7-8337bb359243.png.280x210.jpg,https://image1.ljcdn.com/440300-inspection/test-3a7ec050-e6b6-44cd-88cb-e99db40612ac.png,https://image1.ljcdn.com/x-se/hdic-frame/test-df84b13d-362b-4af2-abe7-8337bb359243.png,3室1厅,139.57,139.57,2001年建,0,2019-03-30,2019-06-28,南,高楼层,16,简装,板塔结合,0,0,107500000003,0,sell,1,1970.01.02,链家成交,链家成交,1,紫荆道19号,2411048699842,2411048699842,圆梦园,https://sz.lianjia.com/xiaoqu/2411048699842/,https://sz.lianjia.com/ershoufang/c2411048699842/,23008674,https://sz.lianjia.com/ershoufang/futianqu/,福田区,612400011,https://sz.lianjia.com/ershoufang/futianbaoshuiqu/,福田保税区,福田保税区,https://sz.lianjia.com/ershoufang/futianbaoshuiqu/,440300,,,,futianqu,[],960,68783,https://sz.lianjia.com/ershoufang/105102183692.html,960,3个月以前发布,0,0,,"[['vr', 'VR房源'], ['taxfree', '房本满五年']]"
105102587592,105102587592,圆梦园 4室2厅 1300万,105,dy,https://image1.ljcdn.com/440300-inspection/prod-bc5f3fcf-7f71-4edf-87dd-e4cb7117d8db.jpg.280x210.jpg,https://image1.ljcdn.com/x-se/hdic-frame/prod-8973060f-ae55-42e4-9418-99f46847b39e.png.280x210.jpg,https://image1.ljcdn.com/440300-inspection/prod-bc5f3fcf-7f71-4edf-87dd-e4cb7117d8db.jpg,https://image1.ljcdn.com/x-se/hdic-frame/prod-8973060f-ae55-42e4-9418-99f46847b39e.png,4室2厅,130,130,2000年建,1,2019-06-26,2019-06-30,东南,低楼层,11,精装,板塔结合,0,0,107500000003,0,sell,1,1970.01.02,链家成交,链家成交,1,紫荆道19号,2411048699842,2411048699842,圆梦园,https://sz.lianjia.com/xiaoqu/2411048699842/,https://sz.lianjia.com/ershoufang/c2411048699842/,23008674,https://sz.lianjia.com/ershoufang/futianqu/,福田区,612400011,https://sz.lianjia.com/ershoufang/futianbaoshuiqu/,福田保税区,福田保税区,https://sz.lianjia.com/ershoufang/futianbaoshuiqu/,440300,,,,futianqu,[],1300,100000,https://sz.lianjia.com/ershoufang/105102587592.html,1300,5天以前发布,0,0,,"[['vr', 'VR房源'], ['taxfree', '房本满五年']]"
105101231158,105101231158,福田保税区复式出售  户型方正  采光充足,104,link,https://image1.ljcdn.com/440300-inspection/rsp_pic_uploadb2cf7e4a-9f4a-47a3-b392-e1e847bcaa99.JPG.280x210.jpg,https://image1.ljcdn.com/x-se/hdic-frame/12a02c15-c16d-438a-a709-c443a0015cbc.png.280x210.jpg,https://image1.ljcdn.com/440300-inspection/rsp_pic_uploadb2cf7e4a-9f4a-47a3-b392-e1e847bcaa99.JPG,https://image1.ljcdn.com/x-se/hdic-frame/12a02c15-c16d-438a-a709-c443a0015cbc.png,6室3厅,263,263,2000年建,0,2018-02-26,2019-06-29,东南,高楼层,11,精装,板塔结合,0,0,107500000003,0,sell,1,1970.01.02,链家成交,链家成交,1,紫荆道19号,2411048699842,2411048699842,圆梦园,https://sz.lianjia.com/xiaoqu/2411048699842/,https://sz.lianjia.com/ershoufang/c2411048699842/,23008674,https://sz.lianjia.com/ershoufang/futianqu/,福田区,612400011,https://sz.lianjia.com/ershoufang/futianbaoshuiqu/,福田保税区,福田保税区,https://sz.lianjia.com/ershoufang/futianbaoshuiqu/,440300,,,,futianqu,[],1500,57035,https://sz.lianjia.com/ershoufang/105101231158.html,1500,一年前发布,0,0,,"[['taxfree', '房本满五年']]"
105101504673,105101504673,圆梦园顶楼复式，视野采光好，朝南视野好,104,link,https://image1.ljcdn.com/x-se/hdic-frame/b231bb30-e026-4282-b9e2-b066f1d6845c.png.280x210.jpg,https://image1.ljcdn.com/x-se/hdic-frame/b231bb30-e026-4282-b9e2-b066f1d6845c.png.280x210.jpg,,https://image1.ljcdn.com/x-se/hdic-frame/b231bb30-e026-4282-b9e2-b066f1d6845c.png,6室2厅,219.93,219.93,2001年建,0,2018-08-19,2019-07-02,南,高楼层,16,简装,板塔结合,0,0,107500000003,0,sell,1,1970.01.02,链家成交,链家成交,1,紫荆道19号,2411048699842,2411048699842,圆梦园,https://sz.lianjia.com/xiaoqu/2411048699842/,https://sz.lianjia.com/ershoufang/c2411048699842/,23008674,https://sz.lianjia.com/ershoufang/futianqu/,福田区,612400011,https://sz.lianjia.com/ershoufang/futianbaoshuiqu/,福田保税区,福田保税区,https://sz.lianjia.com/ershoufang/futianbaoshuiqu/,440300,,,,futianqu,[],1400,63657,https://sz.lianjia.com/ershoufang/105101504673.html,1400,10个月以前发布,0,0,,"[['five', '房本满两年']]"
105102439033,105102439033,居家三房，电梯小高层居家必备。,105,dy,https://image1.ljcdn.com/440300-inspection/prod-28367cfb-6bed-40f8-9ec7-bb443e10c05b.jpg.280x210.jpg,https://image1.ljcdn.com/x-se/hdic-frame/prod-a0df65b8-e3ad-4d61-addc-2d21a348ed29.png.280x210.jpg,https://image1.ljcdn.com/440300-inspection/prod-28367cfb-6bed-40f8-9ec7-bb443e10c05b.jpg,https://image1.ljcdn.com/x-se/hdic-frame/prod-a0df65b8-e3ad-4d61-addc-2d21a348ed29.png,3室2厅,110.93,110.93,2002年建,0,2019-05-27,2019-06-27,东南 南,低楼层,11,其他,板楼,0,0,107500000003,0,sell,1,1970.01.02,链家成交,链家成交,1,新洲七街44号,2411048930636,2411048930636,绿景新苑,https://sz.lianjia.com/xiaoqu/2411048930636/,https://sz.lianjia.com/ershoufang/c2411048930636/,23008674,https://sz.lianjia.com/ershoufang/futianqu/,福田区,1100000589,https://sz.lianjia.com/ershoufang/xinzhou1/,新洲,新洲,https://sz.lianjia.com/ershoufang/xinzhou1/,440300,近地铁,,,futianqu,[],645,58145,https://sz.lianjia.com/ershoufang/105102439033.html,645,1个月以前发布,0,0,,"[['vr', 'VR房源'], ['taxfree', '房本满五年']]"
105102188862,105102188862,满五唯一交易税少，朝南小高层大两房，宽敞明亮,104,link,https://image1.ljcdn.com/440300-inspection/prod-82daa0fd-c856-4ea6-af12-31f060966537.jpg.280x210.jpg,https://image1.ljcdn.com/x-se/hdic-frame/prod-86b8fbca-7bed-4e2b-8d2f-3f7a14e03b72.png.280x210.jpg,https://image1.ljcdn.com/440300-inspection/prod-82daa0fd-c856-4ea6-af12-31f060966537.jpg,https://image1.ljcdn.com/x-se/hdic-frame/prod-86b8fbca-7bed-4e2b-8d2f-3f7a14e03b72.png,2室2厅,86,86,2002年建,0,2019-03-31,2019-07-02,南,中楼层,11,精装,板楼,0,0,107500000003,0,sell,1,1970.01.02,链家成交,链家成交,1,新洲七街44号,2411048930636,2411048930636,绿景新苑,https://sz.lianjia.com/xiaoqu/2411048930636/,https://sz.lianjia.com/ershoufang/c2411048930636/,23008674,https://sz.lianjia.com/ershoufang/futianqu/,福田区,1100000589,https://sz.lianjia.com/ershoufang/xinzhou1/,新洲,新洲,https://sz.lianjia.com/ershoufang/xinzhou1/,440300,近地铁,,,futianqu,[],535,62210,https://sz.lianjia.com/ershoufang/105102188862.html,535,2个月以前发布,0,0,,"[['vr', 'VR房源'], ['taxfree', '房本满五年']]"
105102455462,105102455462,中间楼层 朝南向安静三房 采光足通透性好,105,dy,https://image1.ljcdn.com/440300-inspection/prod-67443d8f-5f15-4ec3-bd7b-85d055e486ea.jpg.280x210.jpg,https://image1.ljcdn.com/x-se/hdic-frame/prod-a406693a-92ad-4c41-9ba9-db4a692538b0.png.280x210.jpg,https://image1.ljcdn.com/440300-inspection/prod-67443d8f-5f15-4ec3-bd7b-85d055e486ea.jpg,https://image1.ljcdn.com/x-se/hdic-frame/prod-a406693a-92ad-4c41-9ba9-db4a692538b0.png,3室1厅,95.84,95.84,2002年建,0,2019-05-30,2019-06-26,西南,中楼层,27,其他,塔楼,0,0,107500000003,0,sell,1,1970.01.02,链家成交,链家成交,1,新洲七街44号,2411048930636,2411048930636,绿景新苑,https://sz.lianjia.com/xiaoqu/2411048930636/,https://sz.lianjia.com/ershoufang/c2411048930636/,23008674,https://sz.lianjia.com/ershoufang/futianqu/,福田区,1100000589,https://sz.lianjia.com/ershoufang/xinzhou1/,新洲,新洲,https://sz.lianjia.com/ershoufang/xinzhou1/,440300,近地铁,,,futianqu,[],660,68865,https://sz.lianjia.com/ershoufang/105102455462.html,660,1个月以前发布,0,0,,"[['vr', 'VR房源'], ['taxfree', '房本满五年']]"
105102463637,105102463637,南向稀有户型 带空中花园 鸟语花香,105,dy,https://image1.ljcdn.com/440300-inspection/prod-62eae944-d924-401b-a4cb-2f096775f216.jpg.280x210.jpg,https://image1.ljcdn.com/x-se/hdic-frame/prod-6aea18af-8323-4dab-8a92-b181ec73fd81.png.280x210.jpg,https://image1.ljcdn.com/440300-inspection/prod-62eae944-d924-401b-a4cb-2f096775f216.jpg,https://image1.ljcdn.com/x-se/hdic-frame/prod-6aea18af-8323-4dab-8a92-b181ec73fd81.png,3室2厅,110.95,110.95,2002年建,0,2019-06-01,2019-07-01,南,低楼层,11,精装,板楼,0,0,107500000003,0,sell,1,1970.01.02,链家成交,链家成交,1,新洲七街44号,2411048930636,2411048930636,绿景新苑,https://sz.lianjia.com/xiaoqu/2411048930636/,https://sz.lianjia.com/ershoufang/c2411048930636/,23008674,https://sz.lianjia.com/ershoufang/futianqu/,福田区,1100000589,https://sz.lianjia.com/ershoufang/xinzhou1/,新洲,新洲,https://sz.lianjia.com/ershoufang/xinzhou1/,440300,近地铁,,,futianqu,[],680,61289,https://sz.lianjia.com/ershoufang/105102463637.html,680,30天以前发布,0,0,,"[['vr', 'VR房源'], ['taxfree', '房本满五年']]"
105100924082,105100924082,一手业主红本在手，一梯两户，小高层带电梯,104,link,https://image1.ljcdn.com/440300-inspection/prod-2005cefc-3f44-4e7e-b292-23643f90500a.jpg.280x210.jpg,https://image1.ljcdn.com/x-se/hdic-frame/prod-1351f446-1f31-41b3-b941-99df20c23e75.png.280x210.jpg,https://image1.ljcdn.com/440300-inspection/prod-2005cefc-3f44-4e7e-b292-23643f90500a.jpg,https://image1.ljcdn.com/x-se/hdic-frame/prod-1351f446-1f31-41b3-b941-99df20c23e75.png,2室2厅,85.88,85.88,2002年建,0,2017-07-28,2019-06-30,南 北,低楼层,11,简装,板楼,0,0,107500000003,0,sell,1,1970.01.02,链家成交,链家成交,1,新洲七街44号,2411048930636,2411048930636,绿景新苑,https://sz.lianjia.com/xiaoqu/2411048930636/,https://sz.lianjia.com/ershoufang/c2411048930636/,23008674,https://sz.lianjia.com/ershoufang/futianqu/,福田区,1100000589,https://sz.lianjia.com/ershoufang/xinzhou1/,新洲,新洲,https://sz.lianjia.com/ershoufang/xinzhou1/,440300,近地铁,,,futianqu,[],518,60317,https://sz.lianjia.com/ershoufang/105100924082.html,518,一年前发布,0,0,,"[['vr', 'VR房源'], ['taxfree', '房本满五年']]"
105102412621,105102412621,地面花园，安静小区，生活和出行便利，精装保养好！,105,dy,https://image1.ljcdn.com/440300-inspection/prod-c85cbc7b-90aa-48ee-a3a5-1cabeae9f628.jpg.280x210.jpg,https://image1.ljcdn.com/x-se/hdic-frame/prod-4db80c91-db67-46c1-9d9e-4b38f9c12344.png.280x210.jpg,https://image1.ljcdn.com/440300-inspection/prod-c85cbc7b-90aa-48ee-a3a5-1cabeae9f628.jpg,https://image1.ljcdn.com/x-se/hdic-frame/prod-4db80c91-db67-46c1-9d9e-4b38f9c12344.png,2室1厅,84.85,84.85,2002年建,0,2019-05-21,2019-06-29,南,低楼层,11,其他,板楼,0,0,107500000003,0,sell,1,1970.01.02,链家成交,链家成交,1,新洲七街44号,2411048930636,2411048930636,绿景新苑,https://sz.lianjia.com/xiaoqu/2411048930636/,https://sz.lianjia.com/ershoufang/c2411048930636/,23008674,https://sz.lianjia.com/ershoufang/futianqu/,福田区,1100000589,https://sz.lianjia.com/ershoufang/xinzhou1/,新洲,新洲,https://sz.lianjia.com/ershoufang/xinzhou1/,440300,近地铁,,,futianqu,[],600,70714,https://sz.lianjia.com/ershoufang/105102412621.html,600,1个月以前发布,0,0,,"[['vr', 'VR房源'], ['taxfree', '房本满五年']]"
105102061336,105102061336,低价优质，实用三房，东南向，采光好，大阳台,104,link,https://image1.ljcdn.com/440300-inspection/test-7e21c8ea-ab8b-4c6f-8ace-965a2d3f15a0.png.280x210.jpg,https://image1.ljcdn.com/x-se/hdic-frame/test-ccb5c384-c37d-4803-b11a-0d861a6ff95a.png.280x210.jpg,https://image1.ljcdn.com/440300-inspection/test-7e21c8ea-ab8b-4c6f-8ace-965a2d3f15a0.png,https://image1.ljcdn.com/x-se/hdic-frame/test-ccb5c384-c37d-4803-b11a-0d861a6ff95a.png,3室1厅,86.12,86.12,2002年建,0,2019-03-02,2019-07-01,东南,低楼层,27,精装,塔楼,0,0,107500000003,0,sell,1,1970.01.02,链家成交,链家成交,1,新洲七街44号,2411048930636,2411048930636,绿景新苑,https://sz.lianjia.com/xiaoqu/2411048930636/,https://sz.lianjia.com/ershoufang/c2411048930636/,23008674,https://sz.lianjia.com/ershoufang/futianqu/,福田区,1100000589,https://sz.lianjia.com/ershoufang/xinzhou1/,新洲,新洲,https://sz.lianjia.com/ershoufang/xinzhou1/,440300,近地铁,,,futianqu,[],510,59220,https://sz.lianjia.com/ershoufang/105102061336.html,510,3个月以前发布,0,0,,"[['vr', 'VR房源']]"
105101242185,105101242185,东南向 满五年红本在手  一张固定子母车位卡,104,link,https://image1.ljcdn.com/440300-inspection/0a3736fb-aa38-48ad-bf3d-0eab727e6aff.jpg.280x210.jpg,https://image1.ljcdn.com/x-se/hdic-frame/ecef6d25-d8a3-4871-b962-e165b75aa08f.png.280x210.jpg,https://image1.ljcdn.com/440300-inspection/0a3736fb-aa38-48ad-bf3d-0eab727e6aff.jpg,https://image1.ljcdn.com/x-se/hdic-frame/ecef6d25-d8a3-4871-b962-e165b75aa08f.png,3室2厅,112,112,2002年建,0,2018-03-03,2019-06-27,东南,中楼层,27,精装,塔楼,0,0,107500000003,0,sell,1,1970.01.02,链家成交,链家成交,1,新洲七街44号,2411048930636,2411048930636,绿景新苑,https://sz.lianjia.com/xiaoqu/2411048930636/,https://sz.lianjia.com/ershoufang/c2411048930636/,23008674,https://sz.lianjia.com/ershoufang/futianqu/,福田区,1100000589,https://sz.lianjia.com/ershoufang/xinzhou1/,新洲,新洲,https://sz.lianjia.com/ershoufang/xinzhou1/,440300,近地铁,,,futianqu,[],650,58036,https://sz.lianjia.com/ershoufang/105101242185.html,650,一年前发布,0,0,,"[['taxfree', '房本满五年']]"
105102370516,105102370516,2012年入伙的高档小区，地段好，精装修，安静舒适,105,dy,https://image1.ljcdn.com/440300-inspection/prod-75f9dd64-5da2-4db7-bd64-e98501024851.jpg.280x210.jpg,https://image1.ljcdn.com/x-se/hdic-frame/prod-30737080-160a-43f4-9d04-9b1ea52e09ee.png.280x210.jpg,https://image1.ljcdn.com/440300-inspection/prod-75f9dd64-5da2-4db7-bd64-e98501024851.jpg,https://image1.ljcdn.com/x-se/hdic-frame/prod-30737080-160a-43f4-9d04-9b1ea52e09ee.png,1室1厅,39.24,39.24,2011年建,0,2019-05-11,2019-06-28,东,低楼层,33,简装,板塔结合,0,0,107500000003,0,sell,1,1970.01.02,链家成交,链家成交,1,水围街33号,2411048490479,2411048490479,水围龙轩豪庭,https://sz.lianjia.com/xiaoqu/2411048490479/,https://sz.lianjia.com/ershoufang/c2411048490479/,23008674,https://sz.lianjia.com/ershoufang/futianqu/,福田区,611100862,https://sz.lianjia.com/ershoufang/huanggang/,皇岗,皇岗,https://sz.lianjia.com/ershoufang/huanggang/,440300,近地铁,,,futianqu,[],298,75943,https://sz.lianjia.com/ershoufang/105102370516.html,298,1个月以前发布,0,0,,"[['vr', 'VR房源'], ['taxfree', '房本满五年'], ['haskey', '随时看房']]"
105102560993,105102560993,2012年入伙的高档小区，地段好，精装修，安静舒适,105,dy,https://image1.ljcdn.com/440300-inspection/prod-26c17c4b-a5cc-423a-a710-46f3086f60b8.jpg.280x210.jpg,https://image1.ljcdn.com/x-se/hdic-frame/prod-f637e733-b794-46d7-83a2-ea0cf06222d1.png.280x210.jpg,https://image1.ljcdn.com/440300-inspection/prod-26c17c4b-a5cc-423a-a710-46f3086f60b8.jpg,https://image1.ljcdn.com/x-se/hdic-frame/prod-f637e733-b794-46d7-83a2-ea0cf06222d1.png,1室1厅,45,45,2011年建,0,2019-06-20,2019-06-30,南,高楼层,32,其他,板塔结合,0,0,107500000003,0,sell,1,1970.01.02,链家成交,链家成交,1,水围街33号,2411048490479,2411048490479,水围龙轩豪庭,https://sz.lianjia.com/xiaoqu/2411048490479/,https://sz.lianjia.com/ershoufang/c2411048490479/,23008674,https://sz.lianjia.com/ershoufang/futianqu/,福田区,611100862,https://sz.lianjia.com/ershoufang/huanggang/,皇岗,皇岗,https://sz.lianjia.com/ershoufang/huanggang/,440300,近地铁,,,futianqu,[],350,77778,https://sz.lianjia.com/ershoufang/105102560993.html,350,11天以前发布,0,0,,"[['vr', 'VR房源'], ['taxfree', '房本满五年'], ['haskey', '随时看房']]"
105101093180,105101093180,福田酒店式住宅，精装一房一厅，厅出阳台，业主急卖。,104,link,https://image1.ljcdn.com/440300-inspection/prod-cbd1b940-6ef7-4f80-acc5-5ba2cb691030.jpg.280x210.jpg,https://image1.ljcdn.com/x-se/hdic-frame/prod-bbe02e36-2ba2-4eb0-b455-3c6ff6028625.png.280x210.jpg,https://image1.ljcdn.com/440300-inspection/prod-cbd1b940-6ef7-4f80-acc5-5ba2cb691030.jpg,https://image1.ljcdn.com/x-se/hdic-frame/prod-bbe02e36-2ba2-4eb0-b455-3c6ff6028625.png,1室1厅,46.07,46.07,2011年建,0,2017-11-11,2019-06-26,南,低楼层,33,精装,板塔结合,0,0,107500000003,0,sell,1,1970.01.02,链家成交,链家成交,1,水围街33号,2411048490479,2411048490479,水围龙轩豪庭,https://sz.lianjia.com/xiaoqu/2411048490479/,https://sz.lianjia.com/ershoufang/c2411048490479/,23008674,https://sz.lianjia.com/ershoufang/futianqu/,福田区,611100862,https://sz.lianjia.com/ershoufang/huanggang/,皇岗,皇岗,https://sz.lianjia.com/ershoufang/huanggang/,440300,近地铁,,,futianqu,[],343,74452,https://sz.lianjia.com/ershoufang/105101093180.html,343,一年前发布,0,0,,"[['vr', 'VR房源'], ['taxfree', '房本满五年'], ['haskey', '随时看房']]"
105101569604,105101569604,皇岗地铁站旁精装南向小三房，户型方正配套齐全,105,dy,https://image1.ljcdn.com/440300-inspection/prod-f9477732-bfab-4af2-ab01-8114132bef3d.jpg.280x210.jpg,https://image1.ljcdn.com/x-se/hdic-frame/prod-79cede31-34f1-4dc0-b9c9-ec59b9b9c3f2.png.280x210.jpg,https://image1.ljcdn.com/440300-inspection/prod-f9477732-bfab-4af2-ab01-8114132bef3d.jpg,https://image1.ljcdn.com/x-se/hdic-frame/prod-79cede31-34f1-4dc0-b9c9-ec59b9b9c3f2.png,3室2厅,79.37,79.37,2011年建,0,2018-09-21,2019-06-27,南,高楼层,33,精装,板塔结合,0,0,107500000003,0,sell,1,1970.01.02,链家成交,链家成交,1,水围街33号,2411048490479,2411048490479,水围龙轩豪庭,https://sz.lianjia.com/xiaoqu/2411048490479/,https://sz.lianjia.com/ershoufang/c2411048490479/,23008674,https://sz.lianjia.com/ershoufang/futianqu/,福田区,611100862,https://sz.lianjia.com/ershoufang/huanggang/,皇岗,皇岗,https://sz.lianjia.com/ershoufang/huanggang/,440300,近地铁,,,futianqu,[],600,75596,https://sz.lianjia.com/ershoufang/105101569604.html,600,9个月以前发布,0,0,,"[['vr', 'VR房源'], ['taxfree', '房本满五年'], ['haskey', '随时看房']]"
105102131991,105102131991,精装修厅出阳台，邻地铁口安静不靠路，智能管理小区。,105,dy,https://image1.ljcdn.com/440300-inspection/prod-01f01c80-6149-46b5-9509-fd9d32ec258e.jpg.280x210.jpg,https://image1.ljcdn.com/x-se/hdic-frame/prod-27a882d4-d34f-479d-b844-f080121d9280.png.280x210.jpg,https://image1.ljcdn.com/440300-inspection/prod-01f01c80-6149-46b5-9509-fd9d32ec258e.jpg,https://image1.ljcdn.com/x-se/hdic-frame/prod-27a882d4-d34f-479d-b844-f080121d9280.png,2室2厅,57.64,57.64,2011年建,0,2019-03-18,2019-06-30,南,中楼层,33,精装,板塔结合,0,0,107500000003,0,sell,1,1970.01.02,链家成交,链家成交,1,水围街33号,2411048490479,2411048490479,水围龙轩豪庭,https://sz.lianjia.com/xiaoqu/2411048490479/,https://sz.lianjia.com/ershoufang/c2411048490479/,23008674,https://sz.lianjia.com/ershoufang/futianqu/,福田区,611100862,https://sz.lianjia.com/ershoufang/huanggang/,皇岗,皇岗,https://sz.lianjia.com/ershoufang/huanggang/,440300,近地铁,,,futianqu,[],500,86746,https://sz.lianjia.com/ershoufang/105102131991.html,500,3个月以前发布,0,0,,"[['vr', 'VR房源'], ['five', '房本满两年']]"
105101880880,105101880880,楼龄新精装修南向厅出大阳台，红本在手,105,dy,https://image1.ljcdn.com/440300-inspection/0074ea36-4b8f-444a-9632-dd2abc48768b.jpg.280x210.jpg,https://image1.ljcdn.com/x-se/440300-frame/5c3818f9-5afa-42a6-9433-45177fa25c1e.png.280x210.jpg,https://image1.ljcdn.com/440300-inspection/0074ea36-4b8f-444a-9632-dd2abc48768b.jpg,https://image1.ljcdn.com/x-se/440300-frame/5c3818f9-5afa-42a6-9433-45177fa25c1e.png,3室1厅,77.72,77.72,2011年建,0,2018-12-25,2019-06-30,南,高楼层,33,精装,板塔结合,0,0,107500000003,0,sell,1,1970.01.02,链家成交,链家成交,1,水围街33号,2411048490479,2411048490479,水围龙轩豪庭,https://sz.lianjia.com/xiaoqu/2411048490479/,https://sz.lianjia.com/ershoufang/c2411048490479/,23008674,https://sz.lianjia.com/ershoufang/futianqu/,福田区,611100862,https://sz.lianjia.com/ershoufang/huanggang/,皇岗,皇岗,https://sz.lianjia.com/ershoufang/huanggang/,440300,近地铁,,,futianqu,[],620,79774,https://sz.lianjia.com/ershoufang/105101880880.html,620,6个月以前发布,0,0,,"[['five', '房本满两年']]"
105102489153,105102489153,小区同户型仅有一套，客厅出阳台，卧室朝南采光好,105,dy,,https://image1.ljcdn.com/x-se/440300-frame/372d16d0-e87b-4ab9-9c38-5f7d3cbedd4a.jpg.280x210.jpg,,https://image1.ljcdn.com/x-se/440300-frame/372d16d0-e87b-4ab9-9c38-5f7d3cbedd4a.jpg,1室1厅,48.3,48.3,2011年建,0,2019-06-06,2019-06-19,南,低楼层,33,精装,板塔结合,0,0,107500000003,0,sell,1,1970.01.02,链家成交,链家成交,1,水围街33号,2411048490479,2411048490479,水围龙轩豪庭,https://sz.lianjia.com/xiaoqu/2411048490479/,https://sz.lianjia.com/ershoufang/c2411048490479/,23008674,https://sz.lianjia.com/ershoufang/futianqu/,福田区,611100862,https://sz.lianjia.com/ershoufang/huanggang/,皇岗,皇岗,https://sz.lianjia.com/ershoufang/huanggang/,440300,近地铁,,,futianqu,[],352,72878,https://sz.lianjia.com/ershoufang/105102489153.html,352,25天以前发布,0,0,,"[['five', '房本满两年']]"
105102569504,105102569504,水围龙轩豪庭 2室1厅 520万,105,dy,,https://image1.ljcdn.com/x-se/440300-frame/ddb47da8-55fd-4bf7-be09-3d8245fed9b7.png.280x210.jpg,,https://image1.ljcdn.com/x-se/440300-frame/ddb47da8-55fd-4bf7-be09-3d8245fed9b7.png,2室1厅,49.3,49.3,2011年建,0,2019-06-22,2019-07-02,西,高楼层,32,其他,板塔结合,0,0,107500000003,0,sell,1,1970.01.02,链家成交,链家成交,1,水围街33号,2411048490479,2411048490479,水围龙轩豪庭,https://sz.lianjia.com/xiaoqu/2411048490479/,https://sz.lianjia.com/ershoufang/c2411048490479/,23008674,https://sz.lianjia.com/ershoufang/futianqu/,福田区,611100862,https://sz.lianjia.com/ershoufang/huanggang/,皇岗,皇岗,https://sz.lianjia.com/ershoufang/huanggang/,440300,近地铁,,,futianqu,[],520,105477,https://sz.lianjia.com/ershoufang/105102569504.html,520,9天以前发布,0,0,,"[['taxfree', '房本满五年']]"
105102386716,105102386716,水围龙轩豪庭 5室2厅 1100万,105,dy,https://image1.ljcdn.com/x-se/hdic-frame/c330bf32-e974-481c-825b-c7875c17a57f.png.280x210.jpg,https://image1.ljcdn.com/x-se/hdic-frame/c330bf32-e974-481c-825b-c7875c17a57f.png.280x210.jpg,,https://image1.ljcdn.com/x-se/hdic-frame/c330bf32-e974-481c-825b-c7875c17a57f.png,5室2厅,127,127,2011年建,0,2019-05-15,2019-07-02,东,高楼层,32,精装,板塔结合,0,0,107500000003,0,sell,1,1970.01.02,链家成交,链家成交,1,水围街33号,2411048490479,2411048490479,水围龙轩豪庭,https://sz.lianjia.com/xiaoqu/2411048490479/,https://sz.lianjia.com/ershoufang/c2411048490479/,23008674,https://sz.lianjia.com/ershoufang/futianqu/,福田区,611100862,https://sz.lianjia.com/ershoufang/huanggang/,皇岗,皇岗,https://sz.lianjia.com/ershoufang/huanggang/,440300,近地铁,,,futianqu,[],1100,86615,https://sz.lianjia.com/ershoufang/105102386716.html,1100,1个月以前发布,0,0,,"[['five', '房本满两年']]"
105102470073,105102470073,精装修，户型相当实用方正，每个房间都大，相邻地铁,105,dy,https://image1.ljcdn.com/440300-inspection/prod-33ffc18a-ffb7-4637-98cf-7f8c2b5c9a40.jpg.280x210.jpg,https://image1.ljcdn.com/x-se/hdic-frame/prod-46b0e396-16c7-4dcc-984c-df785d1be49e.png.280x210.jpg,https://image1.ljcdn.com/440300-inspection/prod-33ffc18a-ffb7-4637-98cf-7f8c2b5c9a40.jpg,https://image1.ljcdn.com/x-se/hdic-frame/prod-46b0e396-16c7-4dcc-984c-df785d1be49e.png,3室2厅,82.76,82.76,2001年建,0,2019-06-02,2019-06-27,北,低楼层,18,精装,板塔结合,0,0,107500000003,0,sell,1,1970.01.02,链家成交,链家成交,1,金田路1003号,2411048492184,2411048492184,御庭园,https://sz.lianjia.com/xiaoqu/2411048492184/,https://sz.lianjia.com/ershoufang/c2411048492184/,23008674,https://sz.lianjia.com/ershoufang/futianqu/,福田区,611100862,https://sz.lianjia.com/ershoufang/huanggang/,皇岗,皇岗,https://sz.lianjia.com/ershoufang/huanggang/,440300,近地铁,,,futianqu,[],518,62591,https://sz.lianjia.com/ershoufang/105102470073.html,518,29天以前发布,0,0,,"[['vr', 'VR房源'], ['five', '房本满两年'], ['haskey', '随时看房']]"
105102471277,105102471277,水围小高层 实用两房 业主自住保养好 税费低,105,dy,https://image1.ljcdn.com/440300-inspection/prod-aa3d2c1e-6b43-42b4-bfde-2c5dca279dea.jpg.280x210.jpg,https://image1.ljcdn.com/x-se/hdic-frame/prod-e9a2c6da-42fe-436b-96b0-e6cc9bfeaa9c.png.280x210.jpg,https://image1.ljcdn.com/440300-inspection/prod-aa3d2c1e-6b43-42b4-bfde-2c5dca279dea.jpg,https://image1.ljcdn.com/x-se/hdic-frame/prod-e9a2c6da-42fe-436b-96b0-e6cc9bfeaa9c.png,2室2厅,68.18,68.18,2001年建,0,2019-06-03,2019-06-30,北,中楼层,18,简装,板塔结合,0,0,107500000003,0,sell,1,1970.01.02,链家成交,链家成交,1,金田路1003号,2411048492184,2411048492184,御庭园,https://sz.lianjia.com/xiaoqu/2411048492184/,https://sz.lianjia.com/ershoufang/c2411048492184/,23008674,https://sz.lianjia.com/ershoufang/futianqu/,福田区,611100862,https://sz.lianjia.com/ershoufang/huanggang/,皇岗,皇岗,https://sz.lianjia.com/ershoufang/huanggang/,440300,近地铁,,,futianqu,[],430,63069,https://sz.lianjia.com/ershoufang/105102471277.html,430,29天以前发布,0,0,,"[['vr', 'VR房源'], ['taxfree', '房本满五年']]"
105102570076,105102570076,地铁口，高楼层安静不靠路，户型实用3房,105,dy,https://image1.ljcdn.com/440300-inspection/prod-e248fbb7-d0c6-46e8-868a-510cd324f087.jpg.280x210.jpg,https://image1.ljcdn.com/x-se/hdic-frame/prod-de0c7735-d7a8-4bc9-9472-4276ef694cb3.png.280x210.jpg,https://image1.ljcdn.com/440300-inspection/prod-e248fbb7-d0c6-46e8-868a-510cd324f087.jpg,https://image1.ljcdn.com/x-se/hdic-frame/prod-de0c7735-d7a8-4bc9-9472-4276ef694cb3.png,3室2厅,74.23,74.23,2001年建,0,2019-06-22,2019-07-01,南 西,高楼层,18,精装,板塔结合,0,0,107500000003,0,sell,1,1970.01.02,链家成交,链家成交,1,金田路1003号,2411048492184,2411048492184,御庭园,https://sz.lianjia.com/xiaoqu/2411048492184/,https://sz.lianjia.com/ershoufang/c2411048492184/,23008674,https://sz.lianjia.com/ershoufang/futianqu/,福田区,611100862,https://sz.lianjia.com/ershoufang/huanggang/,皇岗,皇岗,https://sz.lianjia.com/ershoufang/huanggang/,440300,近地铁,,,futianqu,[],470,63317,https://sz.lianjia.com/ershoufang/105102570076.html,470,9天以前发布,0,0,,"[['vr', 'VR房源'], ['five', '房本满两年']]"
105101605465,105101605465,优质两房必买 高使用率 户型格局正 位置好 总价低,104,link,https://image1.ljcdn.com/440300-inspection/prod-a142667c-8170-4117-a966-9729c1e6dbf5.jpg.280x210.jpg,https://image1.ljcdn.com/x-se/hdic-frame/prod-e0dd62c1-7fd7-44dc-988d-04af07eae5d7.png.280x210.jpg,https://image1.ljcdn.com/440300-inspection/prod-a142667c-8170-4117-a966-9729c1e6dbf5.jpg,https://image1.ljcdn.com/x-se/hdic-frame/prod-e0dd62c1-7fd7-44dc-988d-04af07eae5d7.png,2室2厅,66.95,66.95,2001年建,0,2018-10-04,2019-06-26,北,中楼层,18,简装,板塔结合,0,0,107500000003,0,sell,1,1970.01.02,链家成交,链家成交,1,金田路1003号,2411048492184,2411048492184,御庭园,https://sz.lianjia.com/xiaoqu/2411048492184/,https://sz.lianjia.com/ershoufang/c2411048492184/,23008674,https://sz.lianjia.com/ershoufang/futianqu/,福田区,611100862,https://sz.lianjia.com/ershoufang/huanggang/,皇岗,皇岗,https://sz.lianjia.com/ershoufang/huanggang/,440300,近地铁,,,futianqu,[],410,61240,https://sz.lianjia.com/ershoufang/105101605465.html,410,8个月以前发布,0,0,,"[['vr', 'VR房源'], ['five', '房本满两年']]"
105102491681,105102491681,地铁口红本在手，房间够大户型实用，相邻口岸！,105,dy,https://image1.ljcdn.com/440300-inspection/prod-eb38fa44-9067-4829-98e5-ba3f2887006d.jpg.280x210.jpg,https://image1.ljcdn.com/x-se/hdic-frame/prod-06ac1d26-9432-4fdd-b132-d60ab76ab9f7.png.280x210.jpg,https://image1.ljcdn.com/440300-inspection/prod-eb38fa44-9067-4829-98e5-ba3f2887006d.jpg,https://image1.ljcdn.com/x-se/hdic-frame/prod-06ac1d26-9432-4fdd-b132-d60ab76ab9f7.png,2室2厅,68.18,68.18,2001年建,0,2019-06-07,2019-06-29,北,低楼层,18,简装,板塔结合,0,0,107500000003,0,sell,1,1970.01.02,链家成交,链家成交,1,金田路1003号,2411048492184,2411048492184,御庭园,https://sz.lianjia.com/xiaoqu/2411048492184/,https://sz.lianjia.com/ershoufang/c2411048492184/,23008674,https://sz.lianjia.com/ershoufang/futianqu/,福田区,611100862,https://sz.lianjia.com/ershoufang/huanggang/,皇岗,皇岗,https://sz.lianjia.com/ershoufang/huanggang/,440300,近地铁,,,futianqu,[],410,60135,https://sz.lianjia.com/ershoufang/105102491681.html,410,24天以前发布,0,0,,"[['vr', 'VR房源'], ['taxfree', '房本满五年']]"
105102354412,105102354412,福田2房带私家花园，税费少！！,105,dy,https://image1.ljcdn.com/440300-inspection/prod-05566239-8350-4831-9fc3-380e5cc29a5a.jpg.280x210.jpg,https://image1.ljcdn.com/x-se/hdic-frame/prod-1ac21b8a-6bc1-40a3-a6a2-48d6cc61966b.png.280x210.jpg,https://image1.ljcdn.com/440300-inspection/prod-05566239-8350-4831-9fc3-380e5cc29a5a.jpg,https://image1.ljcdn.com/x-se/hdic-frame/prod-1ac21b8a-6bc1-40a3-a6a2-48d6cc61966b.png,2室2厅,68.77,68.77,2001年建,0,2019-05-08,2019-06-26,南,高楼层,18,其他,板塔结合,0,0,107500000003,0,sell,1,1970.01.02,链家成交,链家成交,1,金田路1003号,2411048492184,2411048492184,御庭园,https://sz.lianjia.com/xiaoqu/2411048492184/,https://sz.lianjia.com/ershoufang/c2411048492184/,23008674,https://sz.lianjia.com/ershoufang/futianqu/,福田区,611100862,https://sz.lianjia.com/ershoufang/huanggang/,皇岗,皇岗,https://sz.lianjia.com/ershoufang/huanggang/,440300,近地铁,,,futianqu,[],518,75324,https://sz.lianjia.com/ershoufang/105102354412.html,518,1个月以前发布,0,0,,"[['vr', 'VR房源'], ['taxfree', '房本满五年']]"
105102139251,105102139251,福民地铁口精装两房，业主急售！！,105,dy,https://image1.ljcdn.com/440300-inspection/68bd3524-ab83-4e77-9cde-8f3ca8c45cf4.jpg.280x210.jpg,https://image1.ljcdn.com/x-se/hdic-frame/8f061908-ab46-4d6d-8255-2b2543acd998.png.280x210.jpg,https://image1.ljcdn.com/440300-inspection/68bd3524-ab83-4e77-9cde-8f3ca8c45cf4.jpg,https://image1.ljcdn.com/x-se/hdic-frame/8f061908-ab46-4d6d-8255-2b2543acd998.png,2室1厅,68.18,68.18,2001年建,0,2019-03-20,2019-06-19,北,中楼层,18,精装,板塔结合,0,0,107500000003,0,sell,1,1970.01.02,链家成交,链家成交,1,金田路1003号,2411048492184,2411048492184,御庭园,https://sz.lianjia.com/xiaoqu/2411048492184/,https://sz.lianjia.com/ershoufang/c2411048492184/,23008674,https://sz.lianjia.com/ershoufang/futianqu/,福田区,611100862,https://sz.lianjia.com/ershoufang/huanggang/,皇岗,皇岗,https://sz.lianjia.com/ershoufang/huanggang/,440300,近地铁,,,futianqu,[],429,62922,https://sz.lianjia.com/ershoufang/105102139251.html,429,3个月以前发布,0,0,,"[['five', '房本满两年']]"
105101445336,105101445336,优质两房必买 高使用率 户型格局正 位置好 总价低,104,link,https://image1.ljcdn.com/x-se/hdic-frame/8f061908-ab46-4d6d-8255-2b2543acd998.png.280x210.jpg,https://image1.ljcdn.com/x-se/hdic-frame/8f061908-ab46-4d6d-8255-2b2543acd998.png.280x210.jpg,,https://image1.ljcdn.com/x-se/hdic-frame/8f061908-ab46-4d6d-8255-2b2543acd998.png,2室2厅,68.18,68.18,2001年建,0,2018-07-13,2019-07-02,北,高楼层,18,简装,板塔结合,0,0,107500000003,0,sell,1,1970.01.02,链家成交,链家成交,1,金田路1003号,2411048492184,2411048492184,御庭园,https://sz.lianjia.com/xiaoqu/2411048492184/,https://sz.lianjia.com/ershoufang/c2411048492184/,23008674,https://sz.lianjia.com/ershoufang/futianqu/,福田区,611100862,https://sz.lianjia.com/ershoufang/huanggang/,皇岗,皇岗,https://sz.lianjia.com/ershoufang/huanggang/,440300,近地铁,,,futianqu,[],435,63802,https://sz.lianjia.com/ershoufang/105101445336.html,435,11个月以前发布,0,0,,"[['taxfree', '房本满五年']]"
105102070918,105102070918,此房精装修三房；南向户型方正；配套齐全，诚心出售,104,link,https://image1.ljcdn.com/x-se/hdic-frame/d917debf-6127-4875-8d09-bd27bfd534e9.png.280x210.jpg,https://image1.ljcdn.com/x-se/hdic-frame/d917debf-6127-4875-8d09-bd27bfd534e9.png.280x210.jpg,,https://image1.ljcdn.com/x-se/hdic-frame/d917debf-6127-4875-8d09-bd27bfd534e9.png,3室2厅,88.17,88.17,2001年建,0,2019-03-05,2019-06-26,南,低楼层,18,精装,板塔结合,0,0,107500000003,0,sell,1,1970.01.02,链家成交,链家成交,1,金田路1003号,2411048492184,2411048492184,御庭园,https://sz.lianjia.com/xiaoqu/2411048492184/,https://sz.lianjia.com/ershoufang/c2411048492184/,23008674,https://sz.lianjia.com/ershoufang/futianqu/,福田区,611100862,https://sz.lianjia.com/ershoufang/huanggang/,皇岗,皇岗,https://sz.lianjia.com/ershoufang/huanggang/,440300,近地铁,,,futianqu,[],540,61246,https://sz.lianjia.com/ershoufang/105102070918.html,540,3个月以前发布,0,0,,"[['five', '房本满两年']]"
105102372803,105102372803,房子红本满五年，唯一住宅，业主诚心放卖,105,dy,https://image1.ljcdn.com/440300-inspection/prod-354a28a2-9db0-4f42-8ecd-af2af91a7bca.jpg.280x210.jpg,https://image1.ljcdn.com/x-se/hdic-frame/prod-863c00aa-2fd8-49b8-b27e-804697c0d845.png.280x210.jpg,https://image1.ljcdn.com/440300-inspection/prod-354a28a2-9db0-4f42-8ecd-af2af91a7bca.jpg,https://image1.ljcdn.com/x-se/hdic-frame/prod-863c00aa-2fd8-49b8-b27e-804697c0d845.png,3室1厅,106.13,106.13,2001年建,0,2019-05-12,2019-06-25,北,低楼层,15,精装,板塔结合,0,0,107500000003,0,sell,1,1970.01.02,链家成交,链家成交,1,银桂路15号,2411048709160,2411048709160,宝田苑,https://sz.lianjia.com/xiaoqu/2411048709160/,https://sz.lianjia.com/ershoufang/c2411048709160/,23008674,https://sz.lianjia.com/ershoufang/futianqu/,福田区,611100862,https://sz.lianjia.com/ershoufang/huanggang/,皇岗,皇岗,https://sz.lianjia.com/ershoufang/huanggang/,440300,近地铁,,,futianqu,[],670,63131,https://sz.lianjia.com/ershoufang/105102372803.html,670,1个月以前发布,0,0,,"[['vr', 'VR房源'], ['taxfree', '房本满五年']]"
105101941191,105101941191,朝东三房  位置安静 户型方正 诚心出售,104,link,https://image1.ljcdn.com/440300-inspection/prod-54b5725f-2137-40ca-844f-b4bd0fa06959.jpg.280x210.jpg,https://image1.ljcdn.com/x-se/hdic-frame/prod-914ce77d-d67b-47c3-937e-f5c73b223468.png.280x210.jpg,https://image1.ljcdn.com/440300-inspection/prod-54b5725f-2137-40ca-844f-b4bd0fa06959.jpg,https://image1.ljcdn.com/x-se/hdic-frame/prod-914ce77d-d67b-47c3-937e-f5c73b223468.png,3室2厅,84.86,84.86,2001年建,0,2019-01-14,2019-07-02,东,中楼层,18,简装,板塔结合,0,0,107500000003,0,sell,1,1970.01.02,链家成交,链家成交,1,银桂路15号,2411048709160,2411048709160,宝田苑,https://sz.lianjia.com/xiaoqu/2411048709160/,https://sz.lianjia.com/ershoufang/c2411048709160/,23008674,https://sz.lianjia.com/ershoufang/futianqu/,福田区,611100862,https://sz.lianjia.com/ershoufang/huanggang/,皇岗,皇岗,https://sz.lianjia.com/ershoufang/huanggang/,440300,近地铁,,,futianqu,[],525,61867,https://sz.lianjia.com/ershoufang/105101941191.html,525,5个月以前发布,0,0,,"[['vr', 'VR房源'], ['taxfree', '房本满五年']]"
105101607636,105101607636,户型方正的三房，业主诚心卖，看房子方便。,104,link,https://image1.ljcdn.com/440300-inspection/test-bed36a3a-d7e3-4c06-8190-64c9947660bb.png.280x210.jpg,https://image1.ljcdn.com/x-se/hdic-frame/test-89b4b3a6-c09e-4b8a-bb8c-10eeb4f64670.png.280x210.jpg,https://image1.ljcdn.com/440300-inspection/test-bed36a3a-d7e3-4c06-8190-64c9947660bb.png,https://image1.ljcdn.com/x-se/hdic-frame/test-89b4b3a6-c09e-4b8a-bb8c-10eeb4f64670.png,3室1厅,106.13,106.13,2001年建,0,2018-10-05,2019-06-30,北,中楼层,15,简装,板塔结合,0,0,107500000003,0,sell,1,1970.01.02,链家成交,链家成交,1,银桂路15号,2411048709160,2411048709160,宝田苑,https://sz.lianjia.com/xiaoqu/2411048709160/,https://sz.lianjia.com/ershoufang/c2411048709160/,23008674,https://sz.lianjia.com/ershoufang/futianqu/,福田区,611100862,https://sz.lianjia.com/ershoufang/huanggang/,皇岗,皇岗,https://sz.lianjia.com/ershoufang/huanggang/,440300,近地铁,,,futianqu,[],636,59927,https://sz.lianjia.com/ershoufang/105101607636.html,636,8个月以前发布,0,0,,"[['vr', 'VR房源'], ['taxfree', '房本满五年']]"
105102563478,105102563478,宝田苑 2室2厅 450万,105,dy,https://image1.ljcdn.com/440300-inspection/prod-20cde559-ad0d-47c8-a239-5002974abdd0.jpg.280x210.jpg,https://image1.ljcdn.com/x-se/hdic-frame/prod-aa061b7e-6675-4669-a209-6abeb77c0a62.png.280x210.jpg,https://image1.ljcdn.com/440300-inspection/prod-20cde559-ad0d-47c8-a239-5002974abdd0.jpg,https://image1.ljcdn.com/x-se/hdic-frame/prod-aa061b7e-6675-4669-a209-6abeb77c0a62.png,2室2厅,75.11,75.11,2001年建,0,2019-06-21,2019-06-27,东,低楼层,15,简装,板塔结合,0,0,107500000003,0,sell,1,1970.01.02,链家成交,链家成交,1,银桂路15号,2411048709160,2411048709160,宝田苑,https://sz.lianjia.com/xiaoqu/2411048709160/,https://sz.lianjia.com/ershoufang/c2411048709160/,23008674,https://sz.lianjia.com/ershoufang/futianqu/,福田区,611100862,https://sz.lianjia.com/ershoufang/huanggang/,皇岗,皇岗,https://sz.lianjia.com/ershoufang/huanggang/,440300,近地铁,,,futianqu,[],450,59913,https://sz.lianjia.com/ershoufang/105102563478.html,450,11天以前发布,0,0,,"[['vr', 'VR房源'], ['five', '房本满两年']]"
105102314228,105102314228,户型方正 ，大四房，采光好业主诚心出售。,105,dy,https://image1.ljcdn.com/440300-inspection/prod-7615d5d8-822f-4214-8c68-aa075b928826.jpg.280x210.jpg,https://image1.ljcdn.com/x-se/hdic-frame/prod-6bbb3449-b3a8-47e7-a02b-865a00edc769.png.280x210.jpg,https://image1.ljcdn.com/440300-inspection/prod-7615d5d8-822f-4214-8c68-aa075b928826.jpg,https://image1.ljcdn.com/x-se/hdic-frame/prod-6bbb3449-b3a8-47e7-a02b-865a00edc769.png,4室2厅,158,158,2001年建,0,2019-04-29,2019-06-30,南,高楼层,14,简装,板塔结合,0,0,107500000003,0,sell,1,1970.01.02,链家成交,链家成交,1,银桂路15号,2411048709160,2411048709160,宝田苑,https://sz.lianjia.com/xiaoqu/2411048709160/,https://sz.lianjia.com/ershoufang/c2411048709160/,23008674,https://sz.lianjia.com/ershoufang/futianqu/,福田区,611100862,https://sz.lianjia.com/ershoufang/huanggang/,皇岗,皇岗,https://sz.lianjia.com/ershoufang/huanggang/,440300,近地铁,,,futianqu,[],1050,66456,https://sz.lianjia.com/ershoufang/105102314228.html,1050,2个月以前发布,0,0,,"[['vr', 'VR房源'], ['taxfree', '房本满五年']]"
105102372789,105102372789,拎包入住  户型方正 实用   随时看房,105,dy,https://image1.ljcdn.com/440300-inspection/prod-7c1c34ea-f544-42fc-94e7-1992df8bba08.jpg.280x210.jpg,https://image1.ljcdn.com/x-se/hdic-frame/prod-90ac0f4d-d5bd-4a1f-89ef-ea60bdb083f7.png.280x210.jpg,https://image1.ljcdn.com/440300-inspection/prod-7c1c34ea-f544-42fc-94e7-1992df8bba08.jpg,https://image1.ljcdn.com/x-se/hdic-frame/prod-90ac0f4d-d5bd-4a1f-89ef-ea60bdb083f7.png,3室2厅,106,106,2001年建,0,2019-05-12,2019-06-25,北,中楼层,14,精装,板塔结合,0,0,107500000003,0,sell,1,1970.01.02,链家成交,链家成交,1,银桂路15号,2411048709160,2411048709160,宝田苑,https://sz.lianjia.com/xiaoqu/2411048709160/,https://sz.lianjia.com/ershoufang/c2411048709160/,23008674,https://sz.lianjia.com/ershoufang/futianqu/,福田区,611100862,https://sz.lianjia.com/ershoufang/huanggang/,皇岗,皇岗,https://sz.lianjia.com/ershoufang/huanggang/,440300,近地铁,,,futianqu,[],700,66038,https://sz.lianjia.com/ershoufang/105102372789.html,700,1个月以前发布,0,0,,"[['vr', 'VR房源'], ['five', '房本满两年']]"
105101467543,105101467543,宝田苑，南向小两房，满五唯一，费用少,104,link,https://image1.ljcdn.com/440300-inspection/prod-72dfd16f-96f6-4313-a8b5-777a86dd93b0.jpg.280x210.jpg,https://image1.ljcdn.com/x-se/hdic-frame/prod-89c8d006-ddff-478e-9463-fcb16b1bb88e.png.280x210.jpg,https://image1.ljcdn.com/440300-inspection/prod-72dfd16f-96f6-4313-a8b5-777a86dd93b0.jpg,https://image1.ljcdn.com/x-se/hdic-frame/prod-89c8d006-ddff-478e-9463-fcb16b1bb88e.png,2室1厅,59.02,59.02,2001年建,0,2018-07-27,2019-06-29,南,高楼层,15,精装,板塔结合,0,0,107500000003,0,sell,1,1970.01.02,链家成交,链家成交,1,银桂路15号,2411048709160,2411048709160,宝田苑,https://sz.lianjia.com/xiaoqu/2411048709160/,https://sz.lianjia.com/ershoufang/c2411048709160/,23008674,https://sz.lianjia.com/ershoufang/futianqu/,福田区,611100862,https://sz.lianjia.com/ershoufang/huanggang/,皇岗,皇岗,https://sz.lianjia.com/ershoufang/huanggang/,440300,近地铁,,,futianqu,[],405,68621,https://sz.lianjia.com/ershoufang/105101467543.html,405,10个月以前发布,0,0,,"[['vr', 'VR房源'], ['taxfree', '房本满五年']]"
105101986367,105101986367,书香门第 奢华居室 诚售爱屋 满五年 精装带车位,104,link,https://image1.ljcdn.com/440300-inspection/prod-0e1c0d62-c88e-4717-906e-9d15f1f1b88e.jpg.280x210.jpg,https://image1.ljcdn.com/x-se/hdic-frame/prod-6d6b098a-8a64-4650-bd8f-81b2b08aea5f.png.280x210.jpg,https://image1.ljcdn.com/440300-inspection/prod-0e1c0d62-c88e-4717-906e-9d15f1f1b88e.jpg,https://image1.ljcdn.com/x-se/hdic-frame/prod-6d6b098a-8a64-4650-bd8f-81b2b08aea5f.png,4室2厅,158.32,158.32,2001年建,0,2019-02-10,2019-06-27,南,中楼层,14,精装,板塔结合,0,0,107500000003,0,sell,1,1970.01.02,链家成交,链家成交,1,银桂路15号,2411048709160,2411048709160,宝田苑,https://sz.lianjia.com/xiaoqu/2411048709160/,https://sz.lianjia.com/ershoufang/c2411048709160/,23008674,https://sz.lianjia.com/ershoufang/futianqu/,福田区,611100862,https://sz.lianjia.com/ershoufang/huanggang/,皇岗,皇岗,https://sz.lianjia.com/ershoufang/huanggang/,440300,近地铁,,,futianqu,[],960,60637,https://sz.lianjia.com/ershoufang/105101986367.html,960,4个月以前发布,0,0,,"[['vr', 'VR房源'], ['taxfree', '房本满五年']]"
105102302067,105102302067,满五唯一 带租约 方正两房 诚心出售,105,dy,,,,,2室1厅,59.02,59.02,2001年建,0,2019-04-26,2019-06-30,西,中楼层,15,简装,板塔结合,0,0,107500000003,0,sell,1,1970.01.02,链家成交,链家成交,1,银桂路15号,2411048709160,2411048709160,宝田苑,https://sz.lianjia.com/xiaoqu/2411048709160/,https://sz.lianjia.com/ershoufang/c2411048709160/,23008674,https://sz.lianjia.com/ershoufang/futianqu/,福田区,611100862,https://sz.lianjia.com/ershoufang/huanggang/,皇岗,皇岗,https://sz.lianjia.com/ershoufang/huanggang/,440300,近地铁,,,futianqu,[],420,71163,https://sz.lianjia.com/ershoufang/105102302067.html,420,2个月以前发布,0,0,,[]
105102413160,105102413160,南北通透看花园  位置安静，满五唯一,105,dy,https://image1.ljcdn.com/440300-inspection/prod-64436d2f-951e-4606-aeba-497ecfe5438d.jpg.280x210.jpg,https://image1.ljcdn.com/x-se/hdic-frame/prod-5dac4508-3340-4c41-8427-ac17675de7e8.png.280x210.jpg,https://image1.ljcdn.com/440300-inspection/prod-64436d2f-951e-4606-aeba-497ecfe5438d.jpg,https://image1.ljcdn.com/x-se/hdic-frame/prod-5dac4508-3340-4c41-8427-ac17675de7e8.png,3室2厅,114.21,114.21,2000年建,0,2019-05-21,2019-06-30,南 北,中楼层,17,简装,板塔结合,0,0,107500000003,0,sell,1,1970.01.02,链家成交,链家成交,1,石厦北一街5号,2411050191720,2411050191720,阳光四季,https://sz.lianjia.com/xiaoqu/2411050191720/,https://sz.lianjia.com/ershoufang/c2411050191720/,23008674,https://sz.lianjia.com/ershoufang/futianqu/,福田区,611100957,https://sz.lianjia.com/ershoufang/shixia/,石厦,石厦,https://sz.lianjia.com/ershoufang/shixia/,440300,近地铁,,,futianqu,[],880,77052,https://sz.lianjia.com/ershoufang/105102413160.html,880,1个月以前发布,0,0,,"[['vr', 'VR房源'], ['taxfree', '房本满五年']]"
105101594674,105101594674,阳光四季 东南向3房 带固定车位 红本在手值得一看好房,104,link,https://image1.ljcdn.com/440300-inspection/test-7fabd840-cd0e-4cf9-b7e9-f65d5ee5979e.png.280x210.jpg,https://image1.ljcdn.com/x-se/hdic-frame/test-685cb917-3211-46f9-ac19-75eeb1aa3200.png.280x210.jpg,https://image1.ljcdn.com/440300-inspection/test-7fabd840-cd0e-4cf9-b7e9-f65d5ee5979e.png,https://image1.ljcdn.com/x-se/hdic-frame/test-685cb917-3211-46f9-ac19-75eeb1aa3200.png,3室1厅,103.25,103.25,2000年建,0,2018-09-28,2019-06-29,东南,中楼层,30,精装,板塔结合,0,0,107500000003,0,sell,1,1970.01.02,链家成交,链家成交,1,石厦北一街5号,2411050191720,2411050191720,阳光四季,https://sz.lianjia.com/xiaoqu/2411050191720/,https://sz.lianjia.com/ershoufang/c2411050191720/,23008674,https://sz.lianjia.com/ershoufang/futianqu/,福田区,611100957,https://sz.lianjia.com/ershoufang/shixia/,石厦,石厦,https://sz.lianjia.com/ershoufang/shixia/,440300,近地铁,,,futianqu,[],890,86199,https://sz.lianjia.com/ershoufang/105101594674.html,890,8个月以前发布,0,0,,"[['vr', 'VR房源'], ['taxfree', '房本满五年']]"
105102493357,105102493357,满五年唯一，税费少，户型方正，通风采光好,105,dy,https://image1.ljcdn.com/440300-inspection/prod-6d5add78-733f-4712-9b7a-8da873d3207c.jpg.280x210.jpg,https://image1.ljcdn.com/x-se/hdic-frame/prod-1537e3b9-b1ff-4522-ac69-b281aadb66c9.png.280x210.jpg,https://image1.ljcdn.com/440300-inspection/prod-6d5add78-733f-4712-9b7a-8da873d3207c.jpg,https://image1.ljcdn.com/x-se/hdic-frame/prod-1537e3b9-b1ff-4522-ac69-b281aadb66c9.png,3室2厅,103.25,103.25,2000年建,0,2019-06-07,2019-06-29,西南,低楼层,30,简装,板塔结合,0,0,107500000003,0,sell,1,1970.01.02,链家成交,链家成交,1,石厦北一街5号,2411050191720,2411050191720,阳光四季,https://sz.lianjia.com/xiaoqu/2411050191720/,https://sz.lianjia.com/ershoufang/c2411050191720/,23008674,https://sz.lianjia.com/ershoufang/futianqu/,福田区,611100957,https://sz.lianjia.com/ershoufang/shixia/,石厦,石厦,https://sz.lianjia.com/ershoufang/shixia/,440300,近地铁,,,futianqu,[],830,80388,https://sz.lianjia.com/ershoufang/105102493357.html,830,24天以前发布,0,0,,"[['vr', 'VR房源'], ['taxfree', '房本满五年']]"
105101525098,105101525098,阳光四季可做四房，近地铁口。。。,104,link,https://image1.ljcdn.com/440300-inspection/test-af6a3292-3e9b-4e19-9aa6-d275f3e11591.png.280x210.jpg,https://image1.ljcdn.com/x-se/hdic-frame/test-1551eb92-4f25-4365-8ad0-3448b0840d8f.png.280x210.jpg,https://image1.ljcdn.com/440300-inspection/test-af6a3292-3e9b-4e19-9aa6-d275f3e11591.png,https://image1.ljcdn.com/x-se/hdic-frame/test-1551eb92-4f25-4365-8ad0-3448b0840d8f.png,3室1厅,116.04,116.04,2000年建,0,2018-08-31,2019-06-26,南 北,低楼层,30,精装,板塔结合,0,0,107500000003,0,sell,1,1970.01.02,链家成交,链家成交,1,石厦北一街5号,2411050191720,2411050191720,阳光四季,https://sz.lianjia.com/xiaoqu/2411050191720/,https://sz.lianjia.com/ershoufang/c2411050191720/,23008674,https://sz.lianjia.com/ershoufang/futianqu/,福田区,611100957,https://sz.lianjia.com/ershoufang/shixia/,石厦,石厦,https://sz.lianjia.com/ershoufang/shixia/,440300,近地铁,,,futianqu,[],888,76526,https://sz.lianjia.com/ershoufang/105101525098.html,888,9个月以前发布,0,0,,"[['vr', 'VR房源'], ['taxfree', '房本满五年']]"
105102218556,105102218556,阳光四季 3室2厅 760万,105,dy,https://image1.ljcdn.com/440300-inspection/prod-24878fb1-bb67-41b4-adb7-f714a2dc4aa6.jpg.280x210.jpg,https://image1.ljcdn.com/x-se/hdic-frame/prod-33b60b53-7533-42db-b676-bce642b52876.png.280x210.jpg,https://image1.ljcdn.com/440300-inspection/prod-24878fb1-bb67-41b4-adb7-f714a2dc4aa6.jpg,https://image1.ljcdn.com/x-se/hdic-frame/prod-33b60b53-7533-42db-b676-bce642b52876.png,3室2厅,94,94,2000年建,0,2019-04-07,2019-07-02,南,高楼层,17,精装,板塔结合,0,0,107500000003,0,sell,1,1970.01.02,链家成交,链家成交,1,石厦北一街5号,2411050191720,2411050191720,阳光四季,https://sz.lianjia.com/xiaoqu/2411050191720/,https://sz.lianjia.com/ershoufang/c2411050191720/,23008674,https://sz.lianjia.com/ershoufang/futianqu/,福田区,611100957,https://sz.lianjia.com/ershoufang/shixia/,石厦,石厦,https://sz.lianjia.com/ershoufang/shixia/,440300,近地铁,,,futianqu,[],760,80852,https://sz.lianjia.com/ershoufang/105102218556.html,760,2个月以前发布,0,0,,"[['vr', 'VR房源'], ['taxfree', '房本满五年']]"
105100211035,105100211035,阳光四季 3室2厅 920万,104,link,https://image1.ljcdn.com/440300-inspection/prod-07ddaf00-73b7-4058-99f7-1fee405ad9d9.png.280x210.jpg,https://image1.ljcdn.com/x-se/hdic-frame/prod-bd61e27a-3ab5-437d-90dc-f47612562b70.png.280x210.jpg,https://image1.ljcdn.com/440300-inspection/prod-07ddaf00-73b7-4058-99f7-1fee405ad9d9.png,https://image1.ljcdn.com/x-se/hdic-frame/prod-bd61e27a-3ab5-437d-90dc-f47612562b70.png,3室2厅,120,120,2000年建,0,2016-05-24,2019-06-26,南,低楼层,24,精装,板塔结合,0,0,107500000003,0,sell,1,1970.01.02,链家成交,链家成交,1,石厦北一街5号,2411050191720,2411050191720,阳光四季,https://sz.lianjia.com/xiaoqu/2411050191720/,https://sz.lianjia.com/ershoufang/c2411050191720/,23008674,https://sz.lianjia.com/ershoufang/futianqu/,福田区,611100957,https://sz.lianjia.com/ershoufang/shixia/,石厦,石厦,https://sz.lianjia.com/ershoufang/shixia/,440300,近地铁,,,futianqu,[],920,76667,https://sz.lianjia.com/ershoufang/105100211035.html,920,一年前发布,0,0,,"[['vr', 'VR房源'], ['five', '房本满两年']]"
105101389303,105101389303,南北通跃式3房装修好满5年带固定车位可做四房看房方便,104,link,https://image1.ljcdn.com/440300-inspection/prod-48dbcf59-39c5-4e43-a36d-ddefab6e1fde.jpg.280x210.jpg,https://image1.ljcdn.com/x-se/hdic-frame/prod-0d0db4a8-23e8-4ede-8181-cbf38926cf0b.png.280x210.jpg,https://image1.ljcdn.com/440300-inspection/prod-48dbcf59-39c5-4e43-a36d-ddefab6e1fde.jpg,https://image1.ljcdn.com/x-se/hdic-frame/prod-0d0db4a8-23e8-4ede-8181-cbf38926cf0b.png,3室2厅,142.33,142.33,2000年建,0,2018-06-02,2019-06-29,南,低楼层,23,精装,板塔结合,0,0,107500000003,0,sell,1,1970.01.02,链家成交,链家成交,1,石厦北一街5号,2411050191720,2411050191720,阳光四季,https://sz.lianjia.com/xiaoqu/2411050191720/,https://sz.lianjia.com/ershoufang/c2411050191720/,23008674,https://sz.lianjia.com/ershoufang/futianqu/,福田区,611100957,https://sz.lianjia.com/ershoufang/shixia/,石厦,石厦,https://sz.lianjia.com/ershoufang/shixia/,440300,近地铁,,,futianqu,[],1160,81501,https://sz.lianjia.com/ershoufang/105101389303.html,1160,一年前发布,0,0,,"[['vr', 'VR房源'], ['taxfree', '房本满五年']]"
105101991293,105101991293,阳光四季精装修大阳台高楼层朝南三房诚心卖,104,link,https://image1.ljcdn.com/440300-inspection/prod-546c641c-b3c9-4403-965d-fbdfa5bb9bd7.jpg.280x210.jpg,https://image1.ljcdn.com/x-se/hdic-frame/prod-6ad09150-2ed7-4b62-9689-445324bf010d.png.280x210.jpg,https://image1.ljcdn.com/440300-inspection/prod-546c641c-b3c9-4403-965d-fbdfa5bb9bd7.jpg,https://image1.ljcdn.com/x-se/hdic-frame/prod-6ad09150-2ed7-4b62-9689-445324bf010d.png,3室2厅,126.38,126.38,2000年建,0,2019-02-12,2019-06-28,南 北,中楼层,22,精装,板塔结合,0,0,107500000003,0,sell,1,1970.01.02,链家成交,链家成交,1,石厦北一街5号,2411050191720,2411050191720,阳光四季,https://sz.lianjia.com/xiaoqu/2411050191720/,https://sz.lianjia.com/ershoufang/c2411050191720/,23008674,https://sz.lianjia.com/ershoufang/futianqu/,福田区,611100957,https://sz.lianjia.com/ershoufang/shixia/,石厦,石厦,https://sz.lianjia.com/ershoufang/shixia/,440300,近地铁,,,futianqu,[],990,78336,https://sz.lianjia.com/ershoufang/105101991293.html,990,4个月以前发布,0,0,,"[['vr', 'VR房源'], ['taxfree', '房本满五年']]"
105102242877,105102242877,户型好，实用高，交易快，看房方便,105,dy,https://image1.ljcdn.com/440300-inspection/prod-4bb17034-ebf3-474b-8b13-20dda450011d.jpg.280x210.jpg,https://image1.ljcdn.com/x-se/hdic-frame/prod-ac6c1cd4-eb68-413c-9df0-6c692244671c.png.280x210.jpg,https://image1.ljcdn.com/440300-inspection/prod-4bb17034-ebf3-474b-8b13-20dda450011d.jpg,https://image1.ljcdn.com/x-se/hdic-frame/prod-ac6c1cd4-eb68-413c-9df0-6c692244671c.png,2室1厅,80.24,80.24,2000年建,0,2019-04-13,2019-06-28,南,低楼层,30,简装,板塔结合,0,0,107500000003,0,sell,1,1970.01.02,链家成交,链家成交,1,石厦北一街5号,2411050191720,2411050191720,阳光四季,https://sz.lianjia.com/xiaoqu/2411050191720/,https://sz.lianjia.com/ershoufang/c2411050191720/,23008674,https://sz.lianjia.com/ershoufang/futianqu/,福田区,611100957,https://sz.lianjia.com/ershoufang/shixia/,石厦,石厦,https://sz.lianjia.com/ershoufang/shixia/,440300,近地铁,,,futianqu,[],670,83500,https://sz.lianjia.com/ershoufang/105102242877.html,670,2个月以前发布,0,0,,"[['vr', 'VR房源'], ['taxfree', '房本满五年']]"
105102379102,105102379102,精装一房一厅，花园小区，人车分流,105,dy,https://image1.ljcdn.com/440300-inspection/prod-f38e4515-a145-4563-a36d-fbc809066f57.jpg.280x210.jpg,https://image1.ljcdn.com/x-se/hdic-frame/prod-9d433562-6490-447e-b607-ba4db0e62a86.png.280x210.jpg,https://image1.ljcdn.com/440300-inspection/prod-f38e4515-a145-4563-a36d-fbc809066f57.jpg,https://image1.ljcdn.com/x-se/hdic-frame/prod-9d433562-6490-447e-b607-ba4db0e62a86.png,1室1厅,42.85,42.85,1999年建,0,2019-05-13,2019-06-28,北,中楼层,11,简装,塔楼,0,0,107500000003,0,sell,1,1970.01.02,链家成交,链家成交,1,桂花路8号,2411048621988,2411048621988,宝瑞轩,https://sz.lianjia.com/xiaoqu/2411048621988/,https://sz.lianjia.com/ershoufang/c2411048621988/,23008674,https://sz.lianjia.com/ershoufang/futianqu/,福田区,612400011,https://sz.lianjia.com/ershoufang/futianbaoshuiqu/,福田保税区,福田保税区,https://sz.lianjia.com/ershoufang/futianbaoshuiqu/,440300,,,,futianqu,[],320,74680,https://sz.lianjia.com/ershoufang/105102379102.html,320,1个月以前发布,0,0,,"[['vr', 'VR房源'], ['taxfree', '房本满五年']]"
105102487346,105102487346,宝瑞轩，三房两厅两卫，业主诚心出售,105,dy,https://image1.ljcdn.com/440300-inspection/prod-c67c6fa7-31fa-433e-ba4d-10c339407e74.jpg.280x210.jpg,https://image1.ljcdn.com/x-se/hdic-frame/prod-672de955-bb70-4b5c-bb1a-45185fa5fd6c.png.280x210.jpg,https://image1.ljcdn.com/440300-inspection/prod-c67c6fa7-31fa-433e-ba4d-10c339407e74.jpg,https://image1.ljcdn.com/x-se/hdic-frame/prod-672de955-bb70-4b5c-bb1a-45185fa5fd6c.png,3室2厅,97.31,97.31,1999年建,0,2019-06-06,2019-07-02,南,低楼层,12,精装,塔楼,0,0,107500000003,0,sell,1,1970.01.02,链家成交,链家成交,1,桂花路8号,2411048621988,2411048621988,宝瑞轩,https://sz.lianjia.com/xiaoqu/2411048621988/,https://sz.lianjia.com/ershoufang/c2411048621988/,23008674,https://sz.lianjia.com/ershoufang/futianqu/,福田区,612400011,https://sz.lianjia.com/ershoufang/futianbaoshuiqu/,福田保税区,福田保税区,https://sz.lianjia.com/ershoufang/futianbaoshuiqu/,440300,,,,futianqu,[],625,64228,https://sz.lianjia.com/ershoufang/105102487346.html,625,26天以前发布,0,0,,"[['vr', 'VR房源'], ['taxfree', '房本满五年']]"
105101447552,105101447552,宝瑞轩大两房出售 户型方正带大阳台  安静宜居,104,link,https://image1.ljcdn.com/440300-inspection/test-d8a45e53-1686-4e9a-a91a-4b2bd2a67806.png.280x210.jpg,https://image1.ljcdn.com/x-se/hdic-frame/test-6e9442ec-9159-4854-95b1-14db832262ca.png.280x210.jpg,https://image1.ljcdn.com/440300-inspection/test-d8a45e53-1686-4e9a-a91a-4b2bd2a67806.png,https://image1.ljcdn.com/x-se/hdic-frame/test-6e9442ec-9159-4854-95b1-14db832262ca.png,2室1厅,80.26,80.26,1999年建,0,2018-07-14,2019-07-02,西,高楼层,12,精装,塔楼,0,0,107500000003,0,sell,1,1970.01.02,链家成交,链家成交,1,桂花路8号,2411048621988,2411048621988,宝瑞轩,https://sz.lianjia.com/xiaoqu/2411048621988/,https://sz.lianjia.com/ershoufang/c2411048621988/,23008674,https://sz.lianjia.com/ershoufang/futianqu/,福田区,612400011,https://sz.lianjia.com/ershoufang/futianbaoshuiqu/,福田保税区,福田保税区,https://sz.lianjia.com/ershoufang/futianbaoshuiqu/,440300,,,,futianqu,[],560,69774,https://sz.lianjia.com/ershoufang/105101447552.html,560,11个月以前发布,0,0,,"[['vr', 'VR房源'], ['taxfree', '房本满五年']]"
105101498729,105101498729,业主诚心放卖，户型方正采光好！,104,link,https://image1.ljcdn.com/440300-inspection/prod-e6082f1f-6cf9-4a37-9037-3d6cfc33130a.jpg.280x210.jpg,https://image1.ljcdn.com/x-se/hdic-frame/prod-33019689-6821-4b5d-9b34-7ecc3630ac27.png.280x210.jpg,https://image1.ljcdn.com/440300-inspection/prod-e6082f1f-6cf9-4a37-9037-3d6cfc33130a.jpg,https://image1.ljcdn.com/x-se/hdic-frame/prod-33019689-6821-4b5d-9b34-7ecc3630ac27.png,4室2厅,145.33,145.33,1999年建,0,2018-08-15,2019-06-30,南 北,中楼层,11,简装,塔楼,0,0,107500000003,0,sell,1,1970.01.02,链家成交,链家成交,1,桂花路8号,2411048621988,2411048621988,宝瑞轩,https://sz.lianjia.com/xiaoqu/2411048621988/,https://sz.lianjia.com/ershoufang/c2411048621988/,23008674,https://sz.lianjia.com/ershoufang/futianqu/,福田区,612400011,https://sz.lianjia.com/ershoufang/futianbaoshuiqu/,福田保税区,福田保税区,https://sz.lianjia.com/ershoufang/futianbaoshuiqu/,440300,,,,futianqu,[],920,63305,https://sz.lianjia.com/ershoufang/105101498729.html,920,10个月以前发布,0,0,,"[['vr', 'VR房源'], ['taxfree', '房本满五年']]"
105102326509,105102326509,红本满五年，户型方正，实用，采光通风好，,105,dy,https://image1.ljcdn.com/440300-inspection/prod-de2bd79c-3eb0-404d-b485-b83a60c07c80.jpg.280x210.jpg,https://image1.ljcdn.com/x-se/hdic-frame/prod-db8ff7f0-341d-442b-bd40-ad29f256a543.png.280x210.jpg,https://image1.ljcdn.com/440300-inspection/prod-de2bd79c-3eb0-404d-b485-b83a60c07c80.jpg,https://image1.ljcdn.com/x-se/hdic-frame/prod-db8ff7f0-341d-442b-bd40-ad29f256a543.png,2室2厅,80.25,80.25,1999年建,0,2019-05-01,2019-06-19,东南,高楼层,12,精装,塔楼,0,0,107500000003,0,sell,1,1970.01.02,链家成交,链家成交,1,桂花路8号,2411048621988,2411048621988,宝瑞轩,https://sz.lianjia.com/xiaoqu/2411048621988/,https://sz.lianjia.com/ershoufang/c2411048621988/,23008674,https://sz.lianjia.com/ershoufang/futianqu/,福田区,612400011,https://sz.lianjia.com/ershoufang/futianbaoshuiqu/,福田保税区,福田保税区,https://sz.lianjia.com/ershoufang/futianbaoshuiqu/,440300,近地铁,,,futianqu,[],580,72275,https://sz.lianjia.com/ershoufang/105102326509.html,580,1个月以前发布,0,0,,"[['vr', 'VR房源'], ['taxfree', '房本满五年']]"
105101550773,105101550773,满2年 大阳台 2房2厅1卫 安静小区,104,link,https://image1.ljcdn.com/440300-inspection/prod-8677045d-30b3-4ba6-9a9b-2b37b72d0a84.jpg.280x210.jpg,https://image1.ljcdn.com/x-se/hdic-frame/prod-6af02099-6c0f-4203-9c82-be7211626a7e.png.280x210.jpg,https://image1.ljcdn.com/440300-inspection/prod-8677045d-30b3-4ba6-9a9b-2b37b72d0a84.jpg,https://image1.ljcdn.com/x-se/hdic-frame/prod-6af02099-6c0f-4203-9c82-be7211626a7e.png,2室2厅,65.04,65.04,1999年建,0,2018-09-14,2019-06-27,南,低楼层,12,简装,塔楼,0,0,107500000003,0,sell,1,1970.01.02,链家成交,链家成交,1,桂花路8号,2411048621988,2411048621988,宝瑞轩,https://sz.lianjia.com/xiaoqu/2411048621988/,https://sz.lianjia.com/ershoufang/c2411048621988/,23008674,https://sz.lianjia.com/ershoufang/futianqu/,福田区,612400011,https://sz.lianjia.com/ershoufang/futianbaoshuiqu/,福田保税区,福田保税区,https://sz.lianjia.com/ershoufang/futianbaoshuiqu/,440300,,,,futianqu,[],435,66882,https://sz.lianjia.com/ershoufang/105101550773.html,435,9个月以前发布,0,0,,"[['vr', 'VR房源'], ['five', '房本满两年']]"
105102352740,105102352740,宝瑞轩 安静社区 南北通透 满5年,105,dy,https://image1.ljcdn.com/440300-inspection/prod-fe5363f3-4216-41ae-8be1-640a02794371.jpg.280x210.jpg,https://image1.ljcdn.com/x-se/hdic-frame/prod-8ceda93f-51e6-4156-9d81-1a2676cc6a7f.png.280x210.jpg,https://image1.ljcdn.com/440300-inspection/prod-fe5363f3-4216-41ae-8be1-640a02794371.jpg,https://image1.ljcdn.com/x-se/hdic-frame/prod-8ceda93f-51e6-4156-9d81-1a2676cc6a7f.png,3室2厅,105.96,105.96,1999年建,0,2019-05-07,2019-06-30,南 北,高楼层,12,简装,塔楼,0,0,107500000003,0,sell,1,1970.01.02,链家成交,链家成交,1,桂花路8号,2411048621988,2411048621988,宝瑞轩,https://sz.lianjia.com/xiaoqu/2411048621988/,https://sz.lianjia.com/ershoufang/c2411048621988/,23008674,https://sz.lianjia.com/ershoufang/futianqu/,福田区,612400011,https://sz.lianjia.com/ershoufang/futianbaoshuiqu/,福田保税区,福田保税区,https://sz.lianjia.com/ershoufang/futianbaoshuiqu/,440300,近地铁,,,futianqu,[],820,77388,https://sz.lianjia.com/ershoufang/105102352740.html,820,1个月以前发布,0,0,,"[['vr', 'VR房源'], ['taxfree', '房本满五年']]"
105102029941,105102029941,户型方正 实用 南向中楼层 采光通透,104,link,https://image1.ljcdn.com/440300-inspection/prod-acf86c34-2fb9-4cef-84b0-a64c8d43ddbd.jpg.280x210.jpg,https://image1.ljcdn.com/x-se/hdic-frame/prod-2692ead3-a5ec-47eb-8fbc-f2dd51f8e3f6.png.280x210.jpg,https://image1.ljcdn.com/440300-inspection/prod-acf86c34-2fb9-4cef-84b0-a64c8d43ddbd.jpg,https://image1.ljcdn.com/x-se/hdic-frame/prod-2692ead3-a5ec-47eb-8fbc-f2dd51f8e3f6.png,1室1厅,56.11,56.11,1999年建,0,2019-02-23,2019-06-29,南,高楼层,12,简装,塔楼,0,0,107500000003,0,sell,1,1970.01.02,链家成交,链家成交,1,桂花路8号,2411048621988,2411048621988,宝瑞轩,https://sz.lianjia.com/xiaoqu/2411048621988/,https://sz.lianjia.com/ershoufang/c2411048621988/,23008674,https://sz.lianjia.com/ershoufang/futianqu/,福田区,612400011,https://sz.lianjia.com/ershoufang/futianbaoshuiqu/,福田保税区,福田保税区,https://sz.lianjia.com/ershoufang/futianbaoshuiqu/,440300,近地铁,,,futianqu,[],420,74853,https://sz.lianjia.com/ershoufang/105102029941.html,420,4个月以前发布,0,0,,"[['vr', 'VR房源'], ['taxfree', '房本满五年']]"
105102224175,105102224175,视野开阔， 南向，大阳台，户型通透，1梯2户，,105,dy,https://image1.ljcdn.com/440300-inspection/prod-61b3028b-702b-4f17-915c-ebdbf5a8357a.jpg.280x210.jpg,https://image1.ljcdn.com/x-se/hdic-frame/prod-5914d333-f945-4d8e-a04b-0a61f21531ec.png.280x210.jpg,https://image1.ljcdn.com/440300-inspection/prod-61b3028b-702b-4f17-915c-ebdbf5a8357a.jpg,https://image1.ljcdn.com/x-se/hdic-frame/prod-5914d333-f945-4d8e-a04b-0a61f21531ec.png,4室2厅,145.33,145.33,1999年建,0,2019-04-09,2019-06-30,南,高楼层,11,精装,塔楼,0,0,107500000003,0,sell,1,1970.01.02,链家成交,链家成交,1,桂花路8号,2411048621988,2411048621988,宝瑞轩,https://sz.lianjia.com/xiaoqu/2411048621988/,https://sz.lianjia.com/ershoufang/c2411048621988/,23008674,https://sz.lianjia.com/ershoufang/futianqu/,福田区,612400011,https://sz.lianjia.com/ershoufang/futianbaoshuiqu/,福田保税区,福田保税区,https://sz.lianjia.com/ershoufang/futianbaoshuiqu/,440300,,,,futianqu,[],968,66608,https://sz.lianjia.com/ershoufang/105102224175.html,968,2个月以前发布,0,0,,"[['vr', 'VR房源']]"
105102304498,105102304498,小区人车分流 安静宜居 精装修 拎包入住,105,dy,https://image1.ljcdn.com/440300-inspection/prod-811e67d4-02ac-49f2-bd8b-2663045e2c6e.jpg.280x210.jpg,https://image1.ljcdn.com/x-se/hdic-frame/prod-8666c548-e3a9-4638-8c9f-67b2db345cef.png.280x210.jpg,https://image1.ljcdn.com/440300-inspection/prod-811e67d4-02ac-49f2-bd8b-2663045e2c6e.jpg,https://image1.ljcdn.com/x-se/hdic-frame/prod-8666c548-e3a9-4638-8c9f-67b2db345cef.png,2室1厅,56.11,56.11,1999年建,0,2019-04-26,2019-07-01,东南,低楼层,12,精装,塔楼,0,0,107500000003,0,sell,1,1970.01.02,链家成交,链家成交,1,桂花路8号,2411048621988,2411048621988,宝瑞轩,https://sz.lianjia.com/xiaoqu/2411048621988/,https://sz.lianjia.com/ershoufang/c2411048621988/,23008674,https://sz.lianjia.com/ershoufang/futianqu/,福田区,612400011,https://sz.lianjia.com/ershoufang/futianbaoshuiqu/,福田保税区,福田保税区,https://sz.lianjia.com/ershoufang/futianbaoshuiqu/,440300,近地铁,,,futianqu,[],450,80200,https://sz.lianjia.com/ershoufang/105102304498.html,450,2个月以前发布,0,0,,"[['vr', 'VR房源'], ['haskey', '随时看房']]"
105102550140,105102550140,深圳福田CBD地段 高层景观佳 无法复製的地段 满五唯一,105,dy,https://image1.ljcdn.com/440300-inspection/prod-28101c13-dd0b-4f7a-a533-a9e63c228aaf.jpg.280x210.jpg,https://image1.ljcdn.com/x-se/hdic-frame/prod-45b4a218-e3f9-4fc3-a84f-ad5dcd740aef.png.280x210.jpg,https://image1.ljcdn.com/440300-inspection/prod-28101c13-dd0b-4f7a-a533-a9e63c228aaf.jpg,https://image1.ljcdn.com/x-se/hdic-frame/prod-45b4a218-e3f9-4fc3-a84f-ad5dcd740aef.png,2室2厅,58.88,58.88,2008年建,0,2019-06-19,2019-07-02,北,中楼层,32,精装,塔楼,0,0,107500000003,0,sell,1,1970.01.02,链家成交,链家成交,1,富民路119号,2411048916097,2411048916097,高发城驰苑,https://sz.lianjia.com/xiaoqu/2411048916097/,https://sz.lianjia.com/ershoufang/c2411048916097/,23008674,https://sz.lianjia.com/ershoufang/futianqu/,福田区,611100862,https://sz.lianjia.com/ershoufang/huanggang/,皇岗,皇岗,https://sz.lianjia.com/ershoufang/huanggang/,440300,近地铁,,,futianqu,[],430,73030,https://sz.lianjia.com/ershoufang/105102550140.html,430,13天以前发布,0,0,,"[['good', '必看好房', 'https://img.ljcdn.com/beike/bikanhaofang/1559536880827.png'], ['vr', 'VR房源'], ['taxfree', '房本满五年']]"
105102106572,105102106572,高层两房 满两年物业 交通方便,104,link,https://image1.ljcdn.com/440300-inspection/prod-2417719b-f41e-4a9f-9687-59d438c2f45f.jpg.280x210.jpg,https://image1.ljcdn.com/x-se/hdic-frame/prod-b43af76f-b7b9-4bdb-8ac8-f3e0cc7ba363.png.280x210.jpg,https://image1.ljcdn.com/440300-inspection/prod-2417719b-f41e-4a9f-9687-59d438c2f45f.jpg,https://image1.ljcdn.com/x-se/hdic-frame/prod-b43af76f-b7b9-4bdb-8ac8-f3e0cc7ba363.png,2室2厅,48.37,48.37,2008年建,0,2019-03-13,2019-06-30,西北,中楼层,32,精装,塔楼,0,0,107500000003,0,sell,1,1970.01.02,链家成交,链家成交,1,富民路119号,2411048916097,2411048916097,高发城驰苑,https://sz.lianjia.com/xiaoqu/2411048916097/,https://sz.lianjia.com/ershoufang/c2411048916097/,23008674,https://sz.lianjia.com/ershoufang/futianqu/,福田区,611100862,https://sz.lianjia.com/ershoufang/huanggang/,皇岗,皇岗,https://sz.lianjia.com/ershoufang/huanggang/,440300,近地铁,,,futianqu,[],335,69258,https://sz.lianjia.com/ershoufang/105102106572.html,335,3个月以前发布,0,0,,"[['vr', 'VR房源'], ['five', '房本满两年'], ['haskey', '随时看房']]"
105102066685,105102066685,高发城驰苑 2室2厅 410万,104,link,https://image1.ljcdn.com/440300-inspection/prod-8b3cf239-235f-43e5-ab2d-54d9c0b59866.jpg.280x210.jpg,https://image1.ljcdn.com/x-se/hdic-frame/prod-4944df0e-37be-4866-bf71-2bd4c04f7207.png.280x210.jpg,https://image1.ljcdn.com/440300-inspection/prod-8b3cf239-235f-43e5-ab2d-54d9c0b59866.jpg,https://image1.ljcdn.com/x-se/hdic-frame/prod-4944df0e-37be-4866-bf71-2bd4c04f7207.png,2室2厅,54.81,54.81,2008年建,0,2019-03-04,2019-06-29,北,高楼层,32,精装,塔楼,0,0,107500000003,0,sell,1,1970.01.02,链家成交,链家成交,1,富民路119号,2411048916097,2411048916097,高发城驰苑,https://sz.lianjia.com/xiaoqu/2411048916097/,https://sz.lianjia.com/ershoufang/c2411048916097/,23008674,https://sz.lianjia.com/ershoufang/futianqu/,福田区,611100862,https://sz.lianjia.com/ershoufang/huanggang/,皇岗,皇岗,https://sz.lianjia.com/ershoufang/huanggang/,440300,近地铁,,,futianqu,[],410,74804,https://sz.lianjia.com/ershoufang/105102066685.html,410,3个月以前发布,0,0,,"[['vr', 'VR房源'], ['taxfree', '房本满五年']]"
105102450420,105102450420,福田低总价      地铁口物业 温馨    拎包入住,104,link,https://image1.ljcdn.com/440300-inspection/prod-4155937f-8d7e-420e-bb4a-6a97df8bd7ef.jpg.280x210.jpg,https://image1.ljcdn.com/x-se/hdic-frame/prod-e6fb9a5a-a07e-4e94-88ba-94f4a612a7f3.png.280x210.jpg,https://image1.ljcdn.com/440300-inspection/prod-4155937f-8d7e-420e-bb4a-6a97df8bd7ef.jpg,https://image1.ljcdn.com/x-se/hdic-frame/prod-e6fb9a5a-a07e-4e94-88ba-94f4a612a7f3.png,1室1厅,48.43,48.43,2008年建,0,2019-05-29,2019-07-02,东北,中楼层,32,其他,塔楼,0,0,107500000003,0,sell,1,1970.01.02,链家成交,链家成交,1,富民路119号,2411048916097,2411048916097,高发城驰苑,https://sz.lianjia.com/xiaoqu/2411048916097/,https://sz.lianjia.com/ershoufang/c2411048916097/,23008674,https://sz.lianjia.com/ershoufang/futianqu/,福田区,611100862,https://sz.lianjia.com/ershoufang/huanggang/,皇岗,皇岗,https://sz.lianjia.com/ershoufang/huanggang/,440300,近地铁,,,futianqu,[],350,72270,https://sz.lianjia.com/ershoufang/105102450420.html,350,1个月以前发布,0,0,,"[['vr', 'VR房源'], ['taxfree', '房本满五年']]"
105100946739,105100946739,地铁口物业 08年新房 户型方正 低洼位置 出租自住均可,104,link,https://image1.ljcdn.com/440300-inspection/prod-24a5c69a-2441-4741-afcc-73279b2964c6.jpg.280x210.jpg,https://image1.ljcdn.com/x-se/hdic-frame/prod-51264d5f-177c-496e-a120-3aac05ba9a01.png.280x210.jpg,https://image1.ljcdn.com/440300-inspection/prod-24a5c69a-2441-4741-afcc-73279b2964c6.jpg,https://image1.ljcdn.com/x-se/hdic-frame/prod-51264d5f-177c-496e-a120-3aac05ba9a01.png,2室2厅,55.01,55.01,2008年建,0,2017-08-10,2019-06-30,西,中楼层,32,精装,塔楼,0,0,107500000003,0,sell,1,1970.01.02,链家成交,链家成交,1,富民路119号,2411048916097,2411048916097,高发城驰苑,https://sz.lianjia.com/xiaoqu/2411048916097/,https://sz.lianjia.com/ershoufang/c2411048916097/,23008674,https://sz.lianjia.com/ershoufang/futianqu/,福田区,611100862,https://sz.lianjia.com/ershoufang/huanggang/,皇岗,皇岗,https://sz.lianjia.com/ershoufang/huanggang/,440300,近地铁,,,futianqu,[],385,69988,https://sz.lianjia.com/ershoufang/105100946739.html,385,一年前发布,0,0,,"[['vr', 'VR房源'], ['five', '房本满两年']]"
105101883345,105101883345,近地铁口，靠皇岗公园，温馨舒适一房,105,dy,https://image1.ljcdn.com/440300-inspection/test-ffff16db-ce8f-459b-9056-addfa737c7cb.png.280x210.jpg,https://image1.ljcdn.com/x-se/hdic-frame/test-9f3970bb-ca77-4194-bbf3-561fb6287271.png.280x210.jpg,https://image1.ljcdn.com/440300-inspection/test-ffff16db-ce8f-459b-9056-addfa737c7cb.png,https://image1.ljcdn.com/x-se/hdic-frame/test-9f3970bb-ca77-4194-bbf3-561fb6287271.png,1室1厅,37.81,37.81,2008年建,0,2018-12-26,2019-07-02,东南,高楼层,32,精装,塔楼,0,0,107500000003,0,sell,1,1970.01.02,链家成交,链家成交,1,富民路119号,2411048916097,2411048916097,高发城驰苑,https://sz.lianjia.com/xiaoqu/2411048916097/,https://sz.lianjia.com/ershoufang/c2411048916097/,23008674,https://sz.lianjia.com/ershoufang/futianqu/,福田区,611100862,https://sz.lianjia.com/ershoufang/huanggang/,皇岗,皇岗,https://sz.lianjia.com/ershoufang/huanggang/,440300,近地铁,,,futianqu,[],240,63476,https://sz.lianjia.com/ershoufang/105101883345.html,240,6个月以前发布,0,0,,"[['vr', 'VR房源'], ['haskey', '随时看房']]"
105102250161,105102250161,福田上车小两房 位置佳 楼龄新！！,105,dy,https://image1.ljcdn.com/440300-inspection/prod-d39e3258-7c50-46ab-a267-c6a596482934.png.280x210.jpg,https://image1.ljcdn.com/x-se/hdic-frame/prod-b2a493aa-b213-4cf1-b5b6-8cec774bc835.png.280x210.jpg,https://image1.ljcdn.com/440300-inspection/prod-d39e3258-7c50-46ab-a267-c6a596482934.png,https://image1.ljcdn.com/x-se/hdic-frame/prod-b2a493aa-b213-4cf1-b5b6-8cec774bc835.png,2室1厅,48.43,48.43,2008年建,0,2019-04-15,2019-07-01,西北,高楼层,32,简装,塔楼,0,0,107500000003,0,sell,1,1970.01.02,链家成交,链家成交,1,富民路119号,2411048916097,2411048916097,高发城驰苑,https://sz.lianjia.com/xiaoqu/2411048916097/,https://sz.lianjia.com/ershoufang/c2411048916097/,23008674,https://sz.lianjia.com/ershoufang/futianqu/,福田区,611100862,https://sz.lianjia.com/ershoufang/huanggang/,皇岗,皇岗,https://sz.lianjia.com/ershoufang/huanggang/,440300,近地铁,,,futianqu,[],330,68140,https://sz.lianjia.com/ershoufang/105102250161.html,330,2个月以前发布,0,0,,"[['vr', 'VR房源'], ['five', '房本满两年'], ['haskey', '随时看房']]"
105101858068,105101858068,满五唯一 ，高层大两房，户型方正，采光通透,105,dy,https://image1.ljcdn.com/440300-inspection/prod-ea91d464-15c9-435c-ac7b-110c39294f29.jpg.280x210.jpg,https://image1.ljcdn.com/x-se/hdic-frame/prod-6c8739d8-da74-4e4f-bcc7-e18eb2e5ff7e.png.280x210.jpg,https://image1.ljcdn.com/440300-inspection/prod-ea91d464-15c9-435c-ac7b-110c39294f29.jpg,https://image1.ljcdn.com/x-se/hdic-frame/prod-6c8739d8-da74-4e4f-bcc7-e18eb2e5ff7e.png,2室1厅,55.01,55.01,2008年建,0,2018-12-18,2019-06-30,西北,高楼层,32,精装,塔楼,0,0,107500000003,0,sell,1,1970.01.02,链家成交,链家成交,1,富民路119号,2411048916097,2411048916097,高发城驰苑,https://sz.lianjia.com/xiaoqu/2411048916097/,https://sz.lianjia.com/ershoufang/c2411048916097/,23008674,https://sz.lianjia.com/ershoufang/futianqu/,福田区,611100862,https://sz.lianjia.com/ershoufang/huanggang/,皇岗,皇岗,https://sz.lianjia.com/ershoufang/huanggang/,440300,近地铁,,,futianqu,[],385,69988,https://sz.lianjia.com/ershoufang/105101858068.html,385,6个月以前发布,0,0,,"[['vr', 'VR房源'], ['taxfree', '房本满五年']]"
105102536706,105102536706,高发城驰精装两房 生活配套齐全,105,dy,https://image1.ljcdn.com/440300-inspection/87e8e8cb-025c-45fe-92de-154f0463fdda.jpg.280x210.jpg,https://image1.ljcdn.com/x-se/hdic-frame/026b7183-e0ef-4174-8384-6415bed30c17.png.280x210.jpg,https://image1.ljcdn.com/440300-inspection/87e8e8cb-025c-45fe-92de-154f0463fdda.jpg,https://image1.ljcdn.com/x-se/hdic-frame/026b7183-e0ef-4174-8384-6415bed30c17.png,2室1厅,55.07,55.07,2008年建,0,2019-06-16,2019-07-02,西北,中楼层,32,精装,塔楼,0,0,107500000003,0,sell,1,1970.01.02,链家成交,链家成交,1,富民路119号,2411048916097,2411048916097,高发城驰苑,https://sz.lianjia.com/xiaoqu/2411048916097/,https://sz.lianjia.com/ershoufang/c2411048916097/,23008674,https://sz.lianjia.com/ershoufang/futianqu/,福田区,611100862,https://sz.lianjia.com/ershoufang/huanggang/,皇岗,皇岗,https://sz.lianjia.com/ershoufang/huanggang/,440300,近地铁,,,futianqu,[],390,70819,https://sz.lianjia.com/ershoufang/105102536706.html,390,15天以前发布,0,0,,"[['five', '房本满两年']]"
105102035855,105102035855,业主诚心放卖，看房提前约，刚需楼盘,105,dy,https://image1.ljcdn.com/x-se/hdic-frame/917ae5a8-eeda-41c0-935d-f7df9612eaa8.png.280x210.jpg,https://image1.ljcdn.com/x-se/hdic-frame/917ae5a8-eeda-41c0-935d-f7df9612eaa8.png.280x210.jpg,,https://image1.ljcdn.com/x-se/hdic-frame/917ae5a8-eeda-41c0-935d-f7df9612eaa8.png,2室1厅,55.11,55.11,2008年建,0,2019-02-25,2019-07-01,东北,低楼层,32,精装,塔楼,0,0,107500000003,0,sell,1,1970.01.02,链家成交,链家成交,1,富民路119号,2411048916097,2411048916097,高发城驰苑,https://sz.lianjia.com/xiaoqu/2411048916097/,https://sz.lianjia.com/ershoufang/c2411048916097/,23008674,https://sz.lianjia.com/ershoufang/futianqu/,福田区,611100862,https://sz.lianjia.com/ershoufang/huanggang/,皇岗,皇岗,https://sz.lianjia.com/ershoufang/huanggang/,440300,近地铁,,,futianqu,[],380,68954,https://sz.lianjia.com/ershoufang/105102035855.html,380,4个月以前发布,0,0,,"[['taxfree', '房本满五年']]"
105102419129,105102419129,2房改3房户型 东北向 高楼层 无遮挡,105,dy,https://image1.ljcdn.com/440300-inspection/prod-8dfd0cfb-63c4-4e07-8739-cf2ae93c1841.jpg.280x210.jpg,https://image1.ljcdn.com/x-se/hdic-frame/prod-6a6d2acf-9ad0-452a-bfee-e3c562cf5546.png.280x210.jpg,https://image1.ljcdn.com/440300-inspection/prod-8dfd0cfb-63c4-4e07-8739-cf2ae93c1841.jpg,https://image1.ljcdn.com/x-se/hdic-frame/prod-6a6d2acf-9ad0-452a-bfee-e3c562cf5546.png,3室2厅,92,92,1996年建,0,2019-05-22,2019-07-02,东北,低楼层,33,精装,板塔结合,0,0,107500000003,0,sell,1,1970.01.02,链家成交,链家成交,1,新洲南路3183,2411049474359,2411049474359,新洲大厦,https://sz.lianjia.com/xiaoqu/2411049474359/,https://sz.lianjia.com/ershoufang/c2411049474359/,23008674,https://sz.lianjia.com/ershoufang/futianqu/,福田区,1100000589,https://sz.lianjia.com/ershoufang/xinzhou1/,新洲,新洲,https://sz.lianjia.com/ershoufang/xinzhou1/,440300,近地铁,,,futianqu,[],460,50000,https://sz.lianjia.com/ershoufang/105102419129.html,460,1个月以前发布,0,0,,"[['vr', 'VR房源'], ['taxfree', '房本满五年']]"
105102492686,105102492686,新洲大厦 108平3房2厅户型  高楼层 无遮挡,104,link,https://image1.ljcdn.com/440300-inspection/prod-9acc78bc-0cc8-4dbd-bf66-8895fbcc5bb1.jpg.280x210.jpg,https://image1.ljcdn.com/x-se/hdic-frame/prod-dead5346-b93c-4154-b233-38c24ec23dc6.png.280x210.jpg,https://image1.ljcdn.com/440300-inspection/prod-9acc78bc-0cc8-4dbd-bf66-8895fbcc5bb1.jpg,https://image1.ljcdn.com/x-se/hdic-frame/prod-dead5346-b93c-4154-b233-38c24ec23dc6.png,3室2厅,108,108,1996年建,0,2019-06-07,2019-06-28,东,中楼层,33,其他,板塔结合,0,0,107500000003,0,sell,1,1970.01.02,链家成交,链家成交,1,新洲南路3183,2411049474359,2411049474359,新洲大厦,https://sz.lianjia.com/xiaoqu/2411049474359/,https://sz.lianjia.com/ershoufang/c2411049474359/,23008674,https://sz.lianjia.com/ershoufang/futianqu/,福田区,1100000589,https://sz.lianjia.com/ershoufang/xinzhou1/,新洲,新洲,https://sz.lianjia.com/ershoufang/xinzhou1/,440300,近地铁,,,futianqu,[],580,53704,https://sz.lianjia.com/ershoufang/105102492686.html,580,24天以前发布,0,0,,"[['vr', 'VR房源'], ['taxfree', '房本满五年']]"
105101449330,105101449330,新洲大厦 靠福田CBD2房改3房户型 东南向高楼层无遮挡,104,link,https://image1.ljcdn.com/440300-inspection/test-cfebf189-6b51-4cb1-b745-119a3b40c380.png.280x210.jpg,https://image1.ljcdn.com/x-se/hdic-frame/test-2f43d1db-cdb4-4dee-9aec-9b707962a875.png.280x210.jpg,https://image1.ljcdn.com/440300-inspection/test-cfebf189-6b51-4cb1-b745-119a3b40c380.png,https://image1.ljcdn.com/x-se/hdic-frame/test-2f43d1db-cdb4-4dee-9aec-9b707962a875.png,3室2厅,91.92,91.92,1996年建,0,2018-07-15,2019-06-26,南,高楼层,33,精装,板塔结合,0,0,107500000003,0,sell,1,1970.01.02,链家成交,链家成交,1,新洲南路3183,2411049474359,2411049474359,新洲大厦,https://sz.lianjia.com/xiaoqu/2411049474359/,https://sz.lianjia.com/ershoufang/c2411049474359/,23008674,https://sz.lianjia.com/ershoufang/futianqu/,福田区,1100000589,https://sz.lianjia.com/ershoufang/xinzhou1/,新洲,新洲,https://sz.lianjia.com/ershoufang/xinzhou1/,440300,近地铁,,,futianqu,[],480,52220,https://sz.lianjia.com/ershoufang/105101449330.html,480,11个月以前发布,0,0,,"[['vr', 'VR房源'], ['taxfree', '房本满五年']]"
105102292907,105102292907,安静花园小区，刚需两房，交通便利,105,dy,https://image1.ljcdn.com/440300-inspection/prod-b66df995-1408-4a81-babe-befaf849c1cf.jpg.280x210.jpg,https://image1.ljcdn.com/x-se/hdic-frame/prod-f5990569-1cb0-4bee-b175-3c299838bdd7.png.280x210.jpg,https://image1.ljcdn.com/440300-inspection/prod-b66df995-1408-4a81-babe-befaf849c1cf.jpg,https://image1.ljcdn.com/x-se/hdic-frame/prod-f5990569-1cb0-4bee-b175-3c299838bdd7.png,2室2厅,91.92,91.92,1996年建,0,2019-04-24,2019-06-21,东南,高楼层,33,其他,板塔结合,0,0,107500000003,0,sell,1,1970.01.02,链家成交,链家成交,1,新洲南路3183,2411049474359,2411049474359,新洲大厦,https://sz.lianjia.com/xiaoqu/2411049474359/,https://sz.lianjia.com/ershoufang/c2411049474359/,23008674,https://sz.lianjia.com/ershoufang/futianqu/,福田区,1100000589,https://sz.lianjia.com/ershoufang/xinzhou1/,新洲,新洲,https://sz.lianjia.com/ershoufang/xinzhou1/,440300,近地铁,,,futianqu,[],465,50588,https://sz.lianjia.com/ershoufang/105102292907.html,465,2个月以前发布,0,0,,"[['vr', 'VR房源'], ['taxfree', '房本满五年']]"
105101505415,105101505415,实用户型  诚心出售  看房方便,104,link,https://image1.ljcdn.com/440300-inspection/test-3cc63a7c-f968-4a39-8742-611f143e592e.png.280x210.jpg,https://image1.ljcdn.com/x-se/hdic-frame/test-86b4586f-1bce-4fb7-8d20-aa438a64187e.png.280x210.jpg,https://image1.ljcdn.com/440300-inspection/test-3cc63a7c-f968-4a39-8742-611f143e592e.png,https://image1.ljcdn.com/x-se/hdic-frame/test-86b4586f-1bce-4fb7-8d20-aa438a64187e.png,2室2厅,91.92,91.92,1996年建,0,2018-08-19,2019-06-26,北,中楼层,33,精装,板塔结合,0,0,107500000003,0,sell,1,1970.01.02,链家成交,链家成交,1,新洲南路3183,2411049474359,2411049474359,新洲大厦,https://sz.lianjia.com/xiaoqu/2411049474359/,https://sz.lianjia.com/ershoufang/c2411049474359/,23008674,https://sz.lianjia.com/ershoufang/futianqu/,福田区,1100000589,https://sz.lianjia.com/ershoufang/xinzhou1/,新洲,新洲,https://sz.lianjia.com/ershoufang/xinzhou1/,440300,近地铁,,,futianqu,[],450,48956,https://sz.lianjia.com/ershoufang/105101505415.html,450,10个月以前发布,0,0,,"[['vr', 'VR房源'], ['taxfree', '房本满五年']]"
105101969272,105101969272,108平南向三房 视野开阔无遮挡，通风采光好,105,dy,https://image1.ljcdn.com/440300-inspection/prod-cf11c19c-1d9f-424f-a511-537d71f7c70b.jpg.280x210.jpg,https://image1.ljcdn.com/x-se/hdic-frame/prod-1b68d855-a64e-4ab3-9a26-1f05260d736d.png.280x210.jpg,https://image1.ljcdn.com/440300-inspection/prod-cf11c19c-1d9f-424f-a511-537d71f7c70b.jpg,https://image1.ljcdn.com/x-se/hdic-frame/prod-1b68d855-a64e-4ab3-9a26-1f05260d736d.png,3室2厅,108.81,108.81,1996年建,0,2019-01-21,2019-06-30,南,低楼层,33,简装,板塔结合,0,0,107500000003,0,sell,1,1970.01.02,链家成交,链家成交,1,新洲南路3183,2411049474359,2411049474359,新洲大厦,https://sz.lianjia.com/xiaoqu/2411049474359/,https://sz.lianjia.com/ershoufang/c2411049474359/,23008674,https://sz.lianjia.com/ershoufang/futianqu/,福田区,1100000589,https://sz.lianjia.com/ershoufang/xinzhou1/,新洲,新洲,https://sz.lianjia.com/ershoufang/xinzhou1/,440300,近地铁,,,futianqu,[],600,55142,https://sz.lianjia.com/ershoufang/105101969272.html,600,5个月以前发布,0,0,,"[['vr', 'VR房源'], ['five', '房本满两年']]"
105102260217,105102260217,新洲大厦 2房改3房户型 东南向 高楼层 无遮挡。,104,link,https://image1.ljcdn.com/440300-inspection/prod-556c5c7b-459a-40c9-b821-336d05b225b2.jpg.280x210.jpg,https://image1.ljcdn.com/x-se/hdic-frame/prod-a721bbdb-89a7-4c31-8b57-31b6a979a963.png.280x210.jpg,https://image1.ljcdn.com/440300-inspection/prod-556c5c7b-459a-40c9-b821-336d05b225b2.jpg,https://image1.ljcdn.com/x-se/hdic-frame/prod-a721bbdb-89a7-4c31-8b57-31b6a979a963.png,2室2厅,91.92,91.92,1996年建,0,2019-04-17,2019-06-30,东 北,高楼层,33,简装,板塔结合,0,0,107500000003,0,sell,1,1970.01.02,链家成交,链家成交,1,新洲南路3183,2411049474359,2411049474359,新洲大厦,https://sz.lianjia.com/xiaoqu/2411049474359/,https://sz.lianjia.com/ershoufang/c2411049474359/,23008674,https://sz.lianjia.com/ershoufang/futianqu/,福田区,1100000589,https://sz.lianjia.com/ershoufang/xinzhou1/,新洲,新洲,https://sz.lianjia.com/ershoufang/xinzhou1/,440300,近地铁,,,futianqu,[],480,52220,https://sz.lianjia.com/ershoufang/105102260217.html,480,2个月以前发布,0,0,,"[['vr', 'VR房源'], ['taxfree', '房本满五年'], ['haskey', '随时看房']]"
105101463571,105101463571,价格实惠！花园社区，安静3房，业主自住装修！,104,link,https://image1.ljcdn.com/440300-inspection/1666c8ca-dc7d-4e18-8f56-e411fddbd7fd.JPG.280x210.jpg,https://image1.ljcdn.com/x-se/hdic-frame/28ed42f8-16cb-4e3e-9e6b-1167fced61f5.png.280x210.jpg,https://image1.ljcdn.com/440300-inspection/1666c8ca-dc7d-4e18-8f56-e411fddbd7fd.JPG,https://image1.ljcdn.com/x-se/hdic-frame/28ed42f8-16cb-4e3e-9e6b-1167fced61f5.png,3室2厅,91.92,91.92,1996年建,0,2018-07-24,2019-06-30,西南,中楼层,33,简装,板塔结合,0,0,107500000003,0,sell,1,1970.01.02,链家成交,链家成交,1,新洲南路3183,2411049474359,2411049474359,新洲大厦,https://sz.lianjia.com/xiaoqu/2411049474359/,https://sz.lianjia.com/ershoufang/c2411049474359/,23008674,https://sz.lianjia.com/ershoufang/futianqu/,福田区,1100000589,https://sz.lianjia.com/ershoufang/xinzhou1/,新洲,新洲,https://sz.lianjia.com/ershoufang/xinzhou1/,440300,近地铁,,,futianqu,[],440,47868,https://sz.lianjia.com/ershoufang/105101463571.html,440,11个月以前发布,0,0,,"[['taxfree', '房本满五年']]"
105102510100,105102510100,满五唯一的 三房 装修很漂亮 业主急售,105,dy,https://image1.ljcdn.com/x-se/hdic-frame/prod-1544de37-3f97-4529-a17b-a86d61e8ba04.png.280x210.jpg,https://image1.ljcdn.com/x-se/hdic-frame/prod-1544de37-3f97-4529-a17b-a86d61e8ba04.png.280x210.jpg,,https://image1.ljcdn.com/x-se/hdic-frame/prod-1544de37-3f97-4529-a17b-a86d61e8ba04.png,3室1厅,91.92,91.92,1996年建,0,2019-06-11,2019-06-29,北,低楼层,33,精装,板塔结合,0,0,107500000003,0,sell,1,1970.01.02,链家成交,链家成交,1,新洲南路3183,2411049474359,2411049474359,新洲大厦,https://sz.lianjia.com/xiaoqu/2411049474359/,https://sz.lianjia.com/ershoufang/c2411049474359/,23008674,https://sz.lianjia.com/ershoufang/futianqu/,福田区,1100000589,https://sz.lianjia.com/ershoufang/xinzhou1/,新洲,新洲,https://sz.lianjia.com/ershoufang/xinzhou1/,440300,近地铁,,,futianqu,[],440,47868,https://sz.lianjia.com/ershoufang/105102510100.html,440,20天以前发布,0,0,,"[['five', '房本满两年']]"
105102325462,105102325462,近会展，新洲大厦 91平 东南向 高楼层 无遮挡。,105,dy,https://image1.ljcdn.com/x-se/hdic-frame/ba3fb4da-eb25-47fe-a266-0dcc0a163e9d.png.280x210.jpg,https://image1.ljcdn.com/x-se/hdic-frame/ba3fb4da-eb25-47fe-a266-0dcc0a163e9d.png.280x210.jpg,,https://image1.ljcdn.com/x-se/hdic-frame/ba3fb4da-eb25-47fe-a266-0dcc0a163e9d.png,2室2厅,91.92,91.92,1996年建,0,2019-05-01,2019-06-26,东南,高楼层,33,精装,板塔结合,0,0,107500000003,0,sell,1,1970.01.02,链家成交,链家成交,1,新洲南路3183,2411049474359,2411049474359,新洲大厦,https://sz.lianjia.com/xiaoqu/2411049474359/,https://sz.lianjia.com/ershoufang/c2411049474359/,23008674,https://sz.lianjia.com/ershoufang/futianqu/,福田区,1100000589,https://sz.lianjia.com/ershoufang/xinzhou1/,新洲,新洲,https://sz.lianjia.com/ershoufang/xinzhou1/,440300,近地铁,,,futianqu,[],480,52220,https://sz.lianjia.com/ershoufang/105102325462.html,480,2个月以前发布,0,0,,"[['five', '房本满两年']]"
